"Time, s",Hills within the frame,Without Weeds Index,With Weeds Index,"Weeds Distance from frame origin, px"
0.0,[0 1],[0 1],[-1],[-1]
0.41666666666666669,[2 3 4],[2 3 4],[-1],[-1]
0.83333333333333337,[5 6],[5 6],[-1],[-1]
1.25,[8 9],[8 9],[-1],[-1]
1.6666666666666667,[10 11 12],[10 11 12],[-1],[-1]
2.0833333333333335,[13 14 15],[13 14 15],[-1],[-1]
2.5,[16 17],[16 17],[-1],[-1]
2.916666666666667,[18 19 20],[18 19 20],[-1],[-1]
3.3333333333333335,[21 22 23],[21 22 23],[-1],[-1]
3.75,[24 25],[24 25],[-1],[-1]
4.166666666666667,[27 28],[27 28],[-1],[-1]
4.5833333333333339,[29 30 31],[29 30 31],[-1],[-1]
5.0,[32 33 34],[32 33 34],[-1],[-1]
5.416666666666667,[35 36],[35 36],[-1],[-1]
5.8333333333333339,[37 38 39],[37 38 39],[-1],[-1]
6.25,[40 41 42],[40 41 42],[-1],[-1]
6.666666666666667,[43 44],[43 44],[-1],[-1]
7.0833333333333339,[46 47],[46 47],[-1],[-1]
7.5,[48 49 50],[48 49 50],[-1],[-1]
7.916666666666667,[51 52],[51 52],[-1],[-1]
8.3333333333333339,[54 55],[54 55],[-1],[-1]
8.75,[56 57 58],[56 57 58],[-1],[-1]
9.1666666666666679,[59 60 61],[59 60 61],[-1],[-1]
9.5833333333333339,[62 63],[62 63],[-1],[-1]
10.0,[65 66],[65 66],[-1],[-1]
10.416666666666668,[67 68 69],[67 68 69],[-1],[-1]
10.833333333333334,[70 71],[70 71],[-1],[-1]
11.25,[73 74],[73 74],[-1],[-1]
11.666666666666668,[75 76 77],[75 76 77],[-1],[-1]
12.083333333333334,[78 79 80],[78 79 80],[-1],[-1]
12.5,[81 82],[81 82],[-1],[-1]
12.916666666666668,[83 84 85],[83 84 85],[-1],[-1]
13.333333333333334,[86 87 88],[86 87 88],[-1],[-1]
13.75,[89 90],[89 90],[-1],[-1]
14.166666666666668,[92 93],[92 93],[-1],[-1]
14.583333333333334,[94 95 96],[94 95 96],[-1],[-1]
15.0,[97 98 99],[97 98 99],[-1],[-1]
15.416666666666668,[100 101],[100 101],[-1],[-1]
15.833333333333334,[102 103 104],[102 103 104],[-1],[-1]
16.25,[105 106 107],[105 106 107],[-1],[-1]
16.666666666666668,[108 109],[108 109],[-1],[-1]
17.083333333333336,[111 112],[111 112],[-1],[-1]
17.5,[113 114 115],[113 114 115],[-1],[-1]
17.916666666666668,[116 117],[116 117],[-1],[-1]
18.333333333333336,[119 120],[119 120],[-1],[-1]
18.75,[121 122 123],[121 122 123],[-1],[-1]
19.166666666666668,[124 125 126],[124 125 126],[-1],[-1]
19.583333333333336,[127 128],[127 128],[-1],[-1]
20.0,[130 131],[130 131],[-1],[-1]
20.416666666666668,[132 133 134],[132 133 134],[-1],[-1]
20.833333333333336,[135 136],[135 136],[-1],[-1]
21.25,[138 139],[138 139],[-1],[-1]
21.666666666666668,[140 141 142],[140 141 142],[-1],[-1]
22.083333333333336,[143 144 145],[143 144 145],[-1],[-1]
22.5,[146 147],[146 147],[-1],[-1]
22.916666666666668,[148 149 150],[148 149 150],[-1],[-1]
23.333333333333336,[151 152 153],[151 152 153],[-1],[-1]
23.75,[154 155],[154 155],[-1],[-1]
24.166666666666668,[157 158],[157 158],[-1],[-1]
24.583333333333336,[159 160 161],[159 160 161],[-1],[-1]
25.0,[162 163 164],[162 163 164],[-1],[-1]
25.416666666666668,[165 166],[165 166],[-1],[-1]
25.833333333333336,[167 168 169],[167 168 169],[-1],[-1]
26.25,[170 171 172],[170 171 172],[-1],[-1]
26.666666666666668,[173 174],[173 174],[-1],[-1]
27.083333333333336,[176 177],[176 177],[-1],[-1]
27.5,[178 179 180],[178 179 180],[-1],[-1]
27.916666666666668,[181 182],[181 182],[-1],[-1]
28.333333333333336,[184 185],[184 185],[-1],[-1]
28.75,[186 187 188],[186 187 188],[-1],[-1]
29.166666666666668,[189 190 191],[189 190 191],[-1],[-1]
29.583333333333336,[192 193],[192 193],[-1],[-1]
30.0,[195 196],[195 196],[-1],[-1]
30.416666666666668,[197 198 199],[197 198 199],[-1],[-1]
30.833333333333336,[200 201],[200 201],[-1],[-1]
31.25,[203 204],[203 204],[-1],[-1]
31.666666666666668,[205 206 207],[205 206 207],[-1],[-1]
32.083333333333336,[208 209 210],[208 209 210],[-1],[-1]
32.5,[211 212],[211 212],[-1],[-1]
32.916666666666671,[213 214 215],[213 214 215],[-1],[-1]
33.333333333333336,[216 217 218],[216 217 218],[-1],[-1]
33.75,[219 220],[219 220],[-1],[-1]
34.166666666666671,[222 223],[222 223],[-1],[-1]
34.583333333333336,[224 225 226],[224 225 226],[-1],[-1]
35.0,[227 228 229],[227 228 229],[-1],[-1]
35.416666666666671,[230 231],[230 231],[-1],[-1]
35.833333333333336,[232 233 234],[232 233 234],[-1],[-1]
36.25,[235 236 237],[235 236 237],[-1],[-1]
36.666666666666671,[238 239],[238 239],[-1],[-1]
37.083333333333336,[241 242],[241 242],[-1],[-1]
37.5,[243 244 245],[243 244 245],[-1],[-1]
37.916666666666671,[246 247],[246 247],[-1],[-1]
38.333333333333336,[249 250],[249 250],[-1],[-1]
38.75,[251 252 253],[251 252 253],[-1],[-1]
39.166666666666671,[254 255 256],[254 255 256],[-1],[-1]
39.583333333333336,[257 258],[257 258],[-1],[-1]
40.0,[260 261],[260 261],[-1],[-1]
40.416666666666671,[262 263 264],[262 263 264],[-1],[-1]
40.833333333333336,[265 266],[265 266],[-1],[-1]
41.25,[268 269],[268 269],[-1],[-1]
41.666666666666671,[270 271 272],[270 271 272],[-1],[-1]
42.083333333333336,[273 274 275],[273 274 275],[-1],[-1]
42.5,[276 277],[276 277],[-1],[-1]
42.916666666666671,[278 279 280],[278 279 280],[-1],[-1]
43.333333333333336,[281 282 283],[281 282 283],[-1],[-1]
43.75,[284 285],[284 285],[-1],[-1]
44.166666666666671,[287 288],[287 288],[-1],[-1]
44.583333333333336,[289 290 291],[289 290 291],[-1],[-1]
45.0,[292 293 294],[292 293 294],[-1],[-1]
45.416666666666671,[295 296],[295 296],[-1],[-1]
45.833333333333336,[297 298 299],[297 298 299],[-1],[-1]
46.25,[300 301 302],[300 301 302],[-1],[-1]
46.666666666666671,[303 304],[303 304],[-1],[-1]
47.083333333333336,[306 307],[306 307],[-1],[-1]
47.5,[308 309 310],[308 309 310],[-1],[-1]
47.916666666666671,[311 312],[311 312],[-1],[-1]
48.333333333333336,[314 315],[314 315],[-1],[-1]
48.75,[316 317 318],[316 317 318],[-1],[-1]
49.166666666666671,[319 320 321],[319 320 321],[-1],[-1]
49.583333333333336,[322 323],[322 323],[-1],[-1]
50.0,[325 326],[325 326],[-1],[-1]
50.416666666666671,[327 328 329],[327 328 329],[-1],[-1]
50.833333333333336,[330 331],[330 331],[-1],[-1]
51.25,[333 334],[333 334],[-1],[-1]
51.666666666666671,[335 336 337],[335 336 337],[-1],[-1]
52.083333333333336,[338 339 340],[338 339 340],[-1],[-1]
52.5,[341 342],[341 342],[-1],[-1]
52.916666666666671,[343 344 345],[343 344 345],[-1],[-1]
53.333333333333336,[346 347 348],[346 347 348],[-1],[-1]
53.75,[349 350],[349 350],[-1],[-1]
54.166666666666671,[352 353],[352 353],[-1],[-1]
54.583333333333336,[354 355 356],[354 355 356],[-1],[-1]
55.0,[357 358 359],[357 358 359],[-1],[-1]
55.416666666666671,[360 361],[360 361],[-1],[-1]
55.833333333333336,[362 363 364],[362 363 364],[-1],[-1]
56.25,[365 366 367],[365 366 367],[-1],[-1]
56.666666666666671,[368 369],[368 369],[-1],[-1]
57.083333333333336,[371 372],[371 372],[-1],[-1]
57.5,[373 374 375],[373 374 375],[-1],[-1]
57.916666666666671,[376 377],[376 377],[-1],[-1]
58.333333333333336,[379 380],[379 380],[-1],[-1]
58.75,[381 382 383],[381 382 383],[-1],[-1]
59.166666666666671,[384 385 386],[384 385 386],[-1],[-1]
59.583333333333336,[387 388],[387 388],[-1],[-1]
60.0,[390 391],[390 391],[-1],[-1]
60.416666666666671,[392 393 394],[392 393 394],[-1],[-1]
60.833333333333336,[395 396],[395 396],[-1],[-1]
61.25,[398 399],[398 399],[-1],[-1]
61.666666666666671,[400 401 402],[400 401 402],[-1],[-1]
62.083333333333336,[403 404 405],[403 404 405],[-1],[-1]
62.5,[406 407],[406 407],[-1],[-1]
62.916666666666671,[408 409 410],[408 409 410],[-1],[-1]
63.333333333333336,[411 412 413],[411 412 413],[-1],[-1]
63.75,[414 415],[414 415],[-1],[-1]
64.166666666666671,[417 418],[417 418],[-1],[-1]
64.583333333333343,[419 420 421],[419 420 421],[-1],[-1]
65.0,[422 423 424],[422 423 424],[-1],[-1]
65.416666666666671,[425 426],[425 426],[-1],[-1]
65.833333333333343,[427 428 429],[427 428 429],[-1],[-1]
66.25,[430 431 432],[430 431 432],[-1],[-1]
66.666666666666671,[433 434],[433 434],[-1],[-1]
67.083333333333343,[436 437],[436 437],[-1],[-1]
67.5,[438 439 440],[438 439 440],[-1],[-1]
67.916666666666671,[441 442],[441 442],[-1],[-1]
68.333333333333343,[444 445],[444 445],[-1],[-1]
68.75,[446 447 448],[446 447 448],[-1],[-1]
69.166666666666671,[449 450 451],[449 450 451],[-1],[-1]
69.583333333333343,[452 453],[452 453],[-1],[-1]
70.0,[455 456],[455 456],[-1],[-1]
70.416666666666671,[457 458 459],[457 458 459],[-1],[-1]
70.833333333333343,[460 461],[460 461],[-1],[-1]
71.25,[463 464],[463 464],[-1],[-1]
71.666666666666671,[465 466 467],[465 466 467],[-1],[-1]
72.083333333333343,[468 469 470],[468 469 470],[-1],[-1]
72.5,[471 472],[471 472],[-1],[-1]
72.916666666666671,[473 474 475],[473 474 475],[-1],[-1]
73.333333333333343,[476 477 478],[476 477 478],[-1],[-1]
73.75,[479 480],[479 480],[-1],[-1]
74.166666666666671,[482 483],[482 483],[-1],[-1]
74.583333333333343,[484 485 486],[484 485 486],[-1],[-1]
75.0,[487 488 489],[487 488 489],[-1],[-1]
75.416666666666671,[490 491],[490 491],[-1],[-1]
75.833333333333343,[492 493 494],[492 493 494],[-1],[-1]
76.25,[495 496 497],[495 496 497],[-1],[-1]
76.666666666666671,[498 499],[498 499],[-1],[-1]
77.083333333333343,[501 502],[501 502],[-1],[-1]
77.5,[503 504 505],[503 504 505],[-1],[-1]
77.916666666666671,[506 507],[506 507],[-1],[-1]
78.333333333333343,[509 510],[509 510],[-1],[-1]
78.75,[511 512 513],[511 512 513],[-1],[-1]
79.166666666666671,[514 515 516],[514 515 516],[-1],[-1]
79.583333333333343,[517 518],[517 518],[-1],[-1]
80.0,[520 521],[520 521],[-1],[-1]
80.416666666666671,[522 523 524],[522 523 524],[-1],[-1]
80.833333333333343,[525 526],[525 526],[-1],[-1]
81.25,[528 529],[528 529],[-1],[-1]
81.666666666666671,[530 531 532],[530 531 532],[-1],[-1]
82.083333333333343,[533 534 535],[533 534 535],[-1],[-1]
82.5,[536 537],[536 537],[-1],[-1]
82.916666666666671,[538 539 540],[538 539 540],[-1],[-1]
83.333333333333343,[541 542 543],[541 542 543],[-1],[-1]
83.75,[544 545],[544 545],[-1],[-1]
84.166666666666671,[547 548],[547 548],[-1],[-1]
84.583333333333343,[549 550 551],[549 550 551],[-1],[-1]
85.0,[552 553 554],[552 553 554],[-1],[-1]
85.416666666666671,[555 556],[555 556],[-1],[-1]
85.833333333333343,[557 558 559],[557 558 559],[-1],[-1]
86.25,[560 561 562],[560 561 562],[-1],[-1]
86.666666666666671,[563 564],[563 564],[-1],[-1]
87.083333333333343,[566 567],[566 567],[-1],[-1]
87.5,[568 569 570],[568 569 570],[-1],[-1]
87.916666666666671,[571 572],[571 572],[-1],[-1]
88.333333333333343,[574 575],[574 575],[-1],[-1]
88.75,[576 577 578],[576 577 578],[-1],[-1]
89.166666666666671,[579 580 581],[579 580 581],[-1],[-1]
89.583333333333343,[582 583],[582 583],[-1],[-1]
90.0,[585 586],[585 586],[-1],[-1]
90.416666666666671,[587 588 589],[587 588 589],[-1],[-1]
90.833333333333343,[590 591],[590 591],[-1],[-1]
91.25,[593 594],[593 594],[-1],[-1]
91.666666666666671,[595 596 597],[595 596 597],[-1],[-1]
92.083333333333343,[598 599 600],[598 599 600],[-1],[-1]
92.5,[601 602],[601 602],[-1],[-1]
92.916666666666671,[603 604 605],[603 604 605],[-1],[-1]
93.333333333333343,[606 607 608],[606 607 608],[-1],[-1]
93.75,[609 610],[609 610],[-1],[-1]
94.166666666666671,[612 613],[612 613],[-1],[-1]
94.583333333333343,[614 615 616],[614 615 616],[-1],[-1]
95.0,[617 618 619],[617 618 619],[-1],[-1]
95.416666666666671,[620 621],[620 621],[-1],[-1]
95.833333333333343,[622 623 624],[622 623 624],[-1],[-1]
96.25,[625 626 627],[625 626 627],[-1],[-1]
96.666666666666671,[628 629],[628 629],[-1],[-1]
97.083333333333343,[631 632],[631 632],[-1],[-1]
97.5,[633 634 635],[633 634 635],[-1],[-1]
97.916666666666671,[636 637],[636 637],[-1],[-1]
98.333333333333343,[639 640],[639 640],[-1],[-1]
98.75,[641 642 643],[641 642 643],[-1],[-1]
99.166666666666671,[644 645 646],[644 645 646],[-1],[-1]
99.583333333333343,[647 648],[647 648],[-1],[-1]
100.0,[650 651],[650 651],[-1],[-1]
100.41666666666667,[652 653 654],[652 653 654],[-1],[-1]
100.83333333333334,[655 656],[655 656],[-1],[-1]
101.25,[658 659],[658 659],[-1],[-1]
101.66666666666667,[660 661 662],[660 661 662],[-1],[-1]
102.08333333333334,[663 664 665],[663 664 665],[-1],[-1]
102.5,[666 667],[666 667],[-1],[-1]
102.91666666666667,[668 669 670],[668 669 670],[-1],[-1]
103.33333333333334,[671 672 673],[671 672 673],[-1],[-1]
103.75,[674 675],[674 675],[-1],[-1]
104.16666666666667,[677 678],[677 678],[-1],[-1]
104.58333333333334,[679 680 681],[679 680 681],[-1],[-1]
105.0,[682 683 684],[682 683 684],[-1],[-1]
105.41666666666667,[685 686],[685 686],[-1],[-1]
105.83333333333334,[687 688 689],[687 688 689],[-1],[-1]
106.25,[690 691 692],[690 691 692],[-1],[-1]
106.66666666666667,[693 694],[693 694],[-1],[-1]
107.08333333333334,[696 697],[696 697],[-1],[-1]
107.5,[698 699 700],[698 699 700],[-1],[-1]
107.91666666666667,[701 702],[701 702],[-1],[-1]
108.33333333333334,[704 705],[704 705],[-1],[-1]
108.75,[706 707 708],[706 707 708],[-1],[-1]
109.16666666666667,[709 710 711],[709 710 711],[-1],[-1]
109.58333333333334,[712 713],[712 713],[-1],[-1]
110.0,[715 716],[715 716],[-1],[-1]
110.41666666666667,[717 718 719],[717 718 719],[-1],[-1]
110.83333333333334,[720 721],[720 721],[-1],[-1]
111.25,[723 724],[723 724],[-1],[-1]
111.66666666666667,[725 726 727],[725 726 727],[-1],[-1]
112.08333333333334,[728 729 730],[728 729 730],[-1],[-1]
112.5,[731 732],[731 732],[-1],[-1]
112.91666666666667,[733 734 735],[733 734 735],[-1],[-1]
113.33333333333334,[736 737 738],[736 737 738],[-1],[-1]
113.75,[739 740],[739 740],[-1],[-1]
114.16666666666667,[742 743],[742 743],[-1],[-1]
114.58333333333334,[744 745 746],[744 745 746],[-1],[-1]
115.0,[747 748 749],[747 748 749],[-1],[-1]
115.41666666666667,[750 751],[750 751],[-1],[-1]
115.83333333333334,[752 753 754],[752 753 754],[-1],[-1]
116.25,[755 756 757],[755 756 757],[-1],[-1]
116.66666666666667,[758 759],[758 759],[-1],[-1]
117.08333333333334,[761 762],[761 762],[-1],[-1]
117.5,[763 764 765],[763 764 765],[-1],[-1]
117.91666666666667,[766 767],[766 767],[-1],[-1]
118.33333333333334,[769 770],[769 770],[-1],[-1]
118.75,[771 772 773],[771 772 773],[-1],[-1]
119.16666666666667,[774 775 776],[774 775 776],[-1],[-1]
119.58333333333334,[777 778],[777 778],[-1],[-1]
120.0,[780 781],[780 781],[-1],[-1]
120.41666666666667,[782 783 784],[782 783 784],[-1],[-1]
120.83333333333334,[785 786],[785 786],[-1],[-1]
121.25,[788 789],[788 789],[-1],[-1]
121.66666666666667,[790 791 792],[790 791 792],[-1],[-1]
122.08333333333334,[793 794 795],[793 794 795],[-1],[-1]
122.5,[796 797],[796 797],[-1],[-1]
122.91666666666667,[798 799 800],[798 799 800],[-1],[-1]
123.33333333333334,[801 802 803],[801 802 803],[-1],[-1]
123.75,[804 805],[804 805],[-1],[-1]
124.16666666666667,[807 808],[807 808],[-1],[-1]
124.58333333333334,[809 810 811],[809 810 811],[-1],[-1]
125.0,[812 813 814],[812 813 814],[-1],[-1]
125.41666666666667,[815 816],[815 816],[-1],[-1]
125.83333333333334,[817 818 819],[817 818 819],[-1],[-1]
126.25,[820 821 822],[820 821 822],[-1],[-1]
126.66666666666667,[823 824],[823 824],[-1],[-1]
127.08333333333334,[826 827],[826 827],[-1],[-1]
127.5,[828 829 830],[828 829 830],[-1],[-1]
127.91666666666667,[831 832],[831 832],[-1],[-1]
128.33333333333334,[834 835],[834 835],[-1],[-1]
128.75,[836 837 838],[836 837 838],[-1],[-1]
129.16666666666669,[839 840 841],[839 840 841],[-1],[-1]
129.58333333333334,[842 843],[842 843],[-1],[-1]
130.0,[845 846],[845 846],[-1],[-1]
130.41666666666669,[847 848 849],[847 848 849],[-1],[-1]
130.83333333333334,[850 851],[850 851],[-1],[-1]
131.25,[853 854],[853 854],[-1],[-1]
131.66666666666669,[855 856 857],[855 856 857],[-1],[-1]
132.08333333333334,[858 859 860],[858 859 860],[-1],[-1]
132.5,[861 862],[861 862],[-1],[-1]
132.91666666666669,[863 864 865],[863 864 865],[-1],[-1]
133.33333333333334,[866 867 868],[866 867 868],[-1],[-1]
133.75,[869 870],[869 870],[-1],[-1]
134.16666666666669,[872 873],[872 873],[-1],[-1]
134.58333333333334,[874 875 876],[874 875 876],[-1],[-1]
135.0,[877 878 879],[877 878 879],[-1],[-1]
135.41666666666669,[880 881],[880 881],[-1],[-1]
135.83333333333334,[882 883 884],[882 883 884],[-1],[-1]
136.25,[885 886 887],[885 886 887],[-1],[-1]
136.66666666666669,[888 889],[888 889],[-1],[-1]
137.08333333333334,[891 892],[891 892],[-1],[-1]
137.5,[893 894 895],[893 894 895],[-1],[-1]
137.91666666666669,[896 897],[896 897],[-1],[-1]
138.33333333333334,[899 900],[899 900],[-1],[-1]
138.75,[901 902 903],[901 902 903],[-1],[-1]
139.16666666666669,[904 905 906],[904 905 906],[-1],[-1]
139.58333333333334,[907 908],[907 908],[-1],[-1]
140.0,[910 911],[910 911],[-1],[-1]
140.41666666666669,[912 913 914],[912 913 914],[-1],[-1]
140.83333333333334,[915 916],[915 916],[-1],[-1]
141.25,[918 919],[918 919],[-1],[-1]
141.66666666666669,[920 921 922],[920 921 922],[-1],[-1]
142.08333333333334,[923 924 925],[923 924 925],[-1],[-1]
142.5,[926 927],[926 927],[-1],[-1]
142.91666666666669,[928 929 930],[928 929 930],[-1],[-1]
143.33333333333334,[931 932 933],[931 932 933],[-1],[-1]
143.75,[934 935],[934 935],[-1],[-1]
144.16666666666669,[937 938],[937 938],[-1],[-1]
144.58333333333334,[939 940 941],[939 940 941],[-1],[-1]
145.0,[942 943 944],[942 943 944],[-1],[-1]
145.41666666666669,[945 946],[945 946],[-1],[-1]
145.83333333333334,[947 948 949],[947 948 949],[-1],[-1]
146.25,[950 951 952],[950 951 952],[-1],[-1]
146.66666666666669,[953 954],[953 954],[-1],[-1]
147.08333333333334,[956 957],[956 957],[-1],[-1]
147.5,[958 959 960],[958 959 960],[-1],[-1]
147.91666666666669,[961 962],[961 962],[-1],[-1]
148.33333333333334,[964 965],[964 965],[-1],[-1]
148.75,[966 967 968],[966 967 968],[-1],[-1]
149.16666666666669,[969 970 971],[969 970 971],[-1],[-1]
149.58333333333334,[972 973],[972 973],[-1],[-1]
150.0,[975 976],[975 976],[-1],[-1]
150.41666666666669,[977 978 979],[977 978 979],[-1],[-1]
150.83333333333334,[980 981],[980 981],[-1],[-1]
151.25,[983 984],[983 984],[-1],[-1]
151.66666666666669,[985 986 987],[985 986 987],[-1],[-1]
152.08333333333334,[988 989 990],[988 989 990],[-1],[-1]
152.5,[991 992],[991 992],[-1],[-1]
152.91666666666669,[993 994 995],[993 994 995],[-1],[-1]
153.33333333333334,[996 997 998],[996 997 998],[-1],[-1]
153.75,[ 999 1000],[ 999 1000],[-1],[-1]
154.16666666666669,[1002 1003],[1002 1003],[-1],[-1]
154.58333333333334,[1004 1005 1006],[1004 1005 1006],[-1],[-1]
155.0,[1007 1008 1009],[1007 1008 1009],[-1],[-1]
155.41666666666669,[1010 1011],[1010 1011],[-1],[-1]
155.83333333333334,[1012 1013 1014],[1012 1013 1014],[-1],[-1]
156.25,[1015 1016 1017],[1015 1016 1017],[-1],[-1]
156.66666666666669,[1018 1019],[1018 1019],[-1],[-1]
157.08333333333334,[1021 1022],[1021 1022],[-1],[-1]
157.5,[1023 1024 1025],[1023 1024 1025],[-1],[-1]
157.91666666666669,[1026 1027],[1026 1027],[-1],[-1]
158.33333333333334,[1029 1030],[1029 1030],[-1],[-1]
158.75,[1031 1032 1033],[1031 1032 1033],[-1],[-1]
159.16666666666669,[1034 1035 1036],[1034 1035 1036],[-1],[-1]
159.58333333333334,[1037 1038],[1037 1038],[-1],[-1]
160.0,[1040 1041],[1040 1041],[-1],[-1]
160.41666666666669,[1042 1043 1044],[1042 1043 1044],[-1],[-1]
160.83333333333334,[1045 1046],[1045 1046],[-1],[-1]
161.25,[1048 1049],[1048 1049],[-1],[-1]
161.66666666666669,[1050 1051 1052],[1050 1051 1052],[-1],[-1]
162.08333333333334,[1053 1054 1055],[1053 1054 1055],[-1],[-1]
162.5,[1056 1057],[1056 1057],[-1],[-1]
162.91666666666669,[1058 1059 1060],[1058 1059 1060],[-1],[-1]
163.33333333333334,[1061 1062 1063],[1061 1062 1063],[-1],[-1]
163.75,[1064 1065],[1064 1065],[-1],[-1]
164.16666666666669,[1067 1068],[1067 1068],[-1],[-1]
164.58333333333334,[1069 1070 1071],[1069 1070 1071],[-1],[-1]
165.0,[1072 1073 1074],[1072 1073 1074],[-1],[-1]
165.41666666666669,[1075 1076],[1075 1076],[-1],[-1]
165.83333333333334,[1077 1078 1079],[1077 1078 1079],[-1],[-1]
166.25,[1080 1081 1082],[1080 1081 1082],[-1],[-1]
166.66666666666669,[1083 1084],[1083 1084],[-1],[-1]
167.08333333333334,[1086 1087],[1086 1087],[-1],[-1]
167.5,[1088 1089 1090],[1088 1089 1090],[-1],[-1]
167.91666666666669,[1091 1092],[1091 1092],[-1],[-1]
168.33333333333334,[1094 1095],[1094 1095],[-1],[-1]
168.75,[1096 1097 1098],[1096 1097 1098],[-1],[-1]
169.16666666666669,[1099 1100 1101],[1099 1100 1101],[-1],[-1]
169.58333333333334,[1102 1103],[1102 1103],[-1],[-1]
170.0,[1105 1106],[1105 1106],[-1],[-1]
170.41666666666669,[1107 1108 1109],[1107 1108 1109],[-1],[-1]
170.83333333333334,[1110 1111],[1110 1111],[-1],[-1]
171.25,[1113 1114],[1113 1114],[-1],[-1]
171.66666666666669,[1115 1116 1117],[1115 1116 1117],[-1],[-1]
172.08333333333334,[1118 1119 1120],[1118 1119 1120],[-1],[-1]
172.5,[1121 1122],[1121 1122],[-1],[-1]
172.91666666666669,[1123 1124 1125],[1123 1124 1125],[-1],[-1]
173.33333333333334,[1126 1127 1128],[1126 1127 1128],[-1],[-1]
173.75,[1129 1130],[1129 1130],[-1],[-1]
174.16666666666669,[1132 1133],[1132 1133],[-1],[-1]
174.58333333333334,[1134 1135 1136],[1134 1135 1136],[-1],[-1]
175.0,[1137 1138 1139],[1137 1138 1139],[-1],[-1]
175.41666666666669,[1140 1141],[1140 1141],[-1],[-1]
175.83333333333334,[1142 1143 1144],[1142 1143 1144],[-1],[-1]
176.25,[1145 1146 1147],[1145 1146 1147],[-1],[-1]
176.66666666666669,[1148 1149],[1148 1149],[-1],[-1]
177.08333333333334,[1151 1152],[1151 1152],[-1],[-1]
177.5,[1153 1154 1155],[1153 1154 1155],[-1],[-1]
177.91666666666669,[1156 1157],[1156 1157],[-1],[-1]
178.33333333333334,[1159 1160],[1159 1160],[-1],[-1]
178.75,[1161 1162 1163],[1161 1162 1163],[-1],[-1]
179.16666666666669,[1164 1165 1166],[1164 1165 1166],[-1],[-1]
179.58333333333334,[1167 1168],[1167 1168],[-1],[-1]
180.0,[1170 1171],[1170 1171],[-1],[-1]
180.41666666666669,[1172 1173 1174],[1172 1173 1174],[-1],[-1]
180.83333333333334,[1175 1176],[1175 1176],[-1],[-1]
181.25,[1178 1179],[1178 1179],[-1],[-1]
181.66666666666669,[1180 1181 1182],[1180 1181 1182],[-1],[-1]
182.08333333333334,[1183 1184 1185],[1183 1184 1185],[-1],[-1]
182.5,[1186 1187],[1186 1187],[-1],[-1]
182.91666666666669,[1188 1189 1190],[1188 1189 1190],[-1],[-1]
183.33333333333334,[1191 1192 1193],[1191 1192 1193],[-1],[-1]
183.75,[1194 1195],[1194 1195],[-1],[-1]
184.16666666666669,[1197 1198],[1197 1198],[-1],[-1]
184.58333333333334,[1199 1200 1201],[1199 1200 1201],[-1],[-1]
185.0,[1202 1203 1204],[1202 1203 1204],[-1],[-1]
185.41666666666669,[1205 1206],[1205 1206],[-1],[-1]
185.83333333333334,[1207 1208 1209],[1207 1208 1209],[-1],[-1]
186.25,[1210 1211 1212],[1210 1211 1212],[-1],[-1]
186.66666666666669,[1213 1214],[1213 1214],[-1],[-1]
187.08333333333334,[1216 1217],[1216 1217],[-1],[-1]
187.5,[1218 1219 1220],[1218 1219 1220],[-1],[-1]
187.91666666666669,[1221 1222],[1221 1222],[-1],[-1]
188.33333333333334,[1224 1225],[1224 1225],[-1],[-1]
188.75,[1226 1227 1228],[1226 1227 1228],[-1],[-1]
189.16666666666669,[1229 1230 1231],[1229 1230 1231],[-1],[-1]
189.58333333333334,[1232 1233],[1232 1233],[-1],[-1]
190.0,[1235 1236],[1235 1236],[-1],[-1]
190.41666666666669,[1237 1238 1239],[1237 1238 1239],[-1],[-1]
190.83333333333334,[1240 1241],[1240 1241],[-1],[-1]
191.25,[1243 1244],[1243 1244],[-1],[-1]
191.66666666666669,[1245 1246 1247],[1245 1246 1247],[-1],[-1]
192.08333333333334,[1248 1249 1250],[1248 1249 1250],[-1],[-1]
192.5,[1251 1252],[1251 1252],[-1],[-1]
192.91666666666669,[1253 1254 1255],[1253 1254 1255],[-1],[-1]
193.33333333333334,[1256 1257 1258],[1256 1257 1258],[-1],[-1]
193.75,[1259 1260],[1259 1260],[-1],[-1]
194.16666666666669,[1262 1263],[1262 1263],[-1],[-1]
194.58333333333334,[1264 1265 1266],[1264 1265 1266],[-1],[-1]
195.0,[1267 1268 1269],[1267 1268 1269],[-1],[-1]
195.41666666666669,[1270 1271],[1270 1271],[-1],[-1]
195.83333333333334,[1272 1273 1274],[1272 1273 1274],[-1],[-1]
196.25,[1275 1276 1277],[1275 1276 1277],[-1],[-1]
196.66666666666669,[1278 1279],[1278 1279],[-1],[-1]
197.08333333333334,[1281 1282],[1281 1282],[-1],[-1]
197.5,[1283 1284 1285],[1283 1284 1285],[-1],[-1]
197.91666666666669,[1286 1287],[1286 1287],[-1],[-1]
198.33333333333334,[1289 1290],[1289 1290],[-1],[-1]
198.75,[1291 1292 1293],[1291 1292 1293],[-1],[-1]
199.16666666666669,[1294 1295 1296],[1294 1295 1296],[-1],[-1]
199.58333333333334,[1297 1298],[1297 1298],[-1],[-1]
200.0,[1300 1301],[1300 1301],[-1],[-1]
200.41666666666669,[1302 1303 1304],[1302 1303 1304],[-1],[-1]
200.83333333333334,[1305 1306],[1305 1306],[-1],[-1]
201.25,[1308 1309],[1308 1309],[-1],[-1]
201.66666666666669,[1310 1311 1312],[1310 1311 1312],[-1],[-1]
202.08333333333334,[1313 1314 1315],[1313 1314 1315],[-1],[-1]
202.5,[1316 1317],[1316 1317],[-1],[-1]
202.91666666666669,[1318 1319 1320],[1318 1319 1320],[-1],[-1]
203.33333333333334,[1321 1322 1323],[1321 1322 1323],[-1],[-1]
203.75,[1324 1325],[1324 1325],[-1],[-1]
204.16666666666669,[1327 1328],[1327 1328],[-1],[-1]
204.58333333333334,[1329 1330 1331],[1329 1330 1331],[-1],[-1]
205.0,[1332 1333 1334],[1332 1333 1334],[-1],[-1]
205.41666666666669,[1335 1336],[1335 1336],[-1],[-1]
205.83333333333334,[1337 1338 1339],[1337 1338 1339],[-1],[-1]
206.25,[1340 1341 1342],[1340 1341 1342],[-1],[-1]
206.66666666666669,[1343 1344],[1343 1344],[-1],[-1]
207.08333333333334,[1346 1347],[1346 1347],[-1],[-1]
207.5,[1348 1349 1350],[1348 1349 1350],[-1],[-1]
207.91666666666669,[1351 1352],[1351 1352],[-1],[-1]
208.33333333333334,[1354 1355],[1354 1355],[-1],[-1]
208.75,[1356 1357 1358],[1356 1357 1358],[-1],[-1]
209.16666666666669,[1359 1360 1361],[1359 1360 1361],[-1],[-1]
209.58333333333334,[1362 1363],[1362 1363],[-1],[-1]
210.0,[1365 1366],[1365 1366],[-1],[-1]
210.41666666666669,[1367 1368 1369],[1367 1368 1369],[-1],[-1]
210.83333333333334,[1370 1371],[1370 1371],[-1],[-1]
211.25,[1373 1374],[1373 1374],[-1],[-1]
211.66666666666669,[1375 1376 1377],[1375 1376 1377],[-1],[-1]
212.08333333333334,[1378 1379 1380],[1378 1379 1380],[-1],[-1]
212.5,[1381 1382],[1381 1382],[-1],[-1]
212.91666666666669,[1383 1384 1385],[1383 1384 1385],[-1],[-1]
213.33333333333334,[1386 1387 1388],[1386 1387 1388],[-1],[-1]
213.75,[1389 1390],[1389 1390],[-1],[-1]
214.16666666666669,[1392 1393],[1392 1393],[-1],[-1]
214.58333333333334,[1394 1395 1396],[1394 1395 1396],[-1],[-1]
215.0,[1397 1398 1399],[1397 1398 1399],[-1],[-1]
215.41666666666669,[1400 1401],[1400 1401],[-1],[-1]
215.83333333333334,[1402 1403 1404],[1402 1403 1404],[-1],[-1]
216.25,[1405 1406 1407],[1405 1406 1407],[-1],[-1]
216.66666666666669,[1408 1409],[1408 1409],[-1],[-1]
217.08333333333334,[1411 1412],[1411 1412],[-1],[-1]
217.5,[1413 1414 1415],[1413 1414 1415],[-1],[-1]
217.91666666666669,[1416 1417],[1416 1417],[-1],[-1]
218.33333333333334,[1419 1420],[1419 1420],[-1],[-1]
218.75,[1421 1422 1423],[1421 1422 1423],[-1],[-1]
219.16666666666669,[1424 1425 1426],[1424 1425 1426],[-1],[-1]
219.58333333333334,[1427 1428],[1427 1428],[-1],[-1]
220.0,[1430 1431],[1430 1431],[-1],[-1]
220.41666666666669,[1432 1433 1434],[1432 1433 1434],[-1],[-1]
220.83333333333334,[1435 1436],[1435 1436],[-1],[-1]
221.25,[1438 1439],[1438 1439],[-1],[-1]
221.66666666666669,[1440 1441 1442],[1440 1441 1442],[-1],[-1]
222.08333333333334,[1443 1444 1445],[1443 1444 1445],[-1],[-1]
222.5,[1446 1447],[1446 1447],[-1],[-1]
222.91666666666669,[1448 1449 1450],[1448 1449 1450],[-1],[-1]
223.33333333333334,[1451 1452 1453],[1451 1452 1453],[-1],[-1]
223.75,[1454 1455],[1454 1455],[-1],[-1]
224.16666666666669,[1457 1458],[1457 1458],[-1],[-1]
224.58333333333334,[1459 1460 1461],[1459 1460 1461],[-1],[-1]
225.0,[1462 1463 1464],[1462 1463 1464],[-1],[-1]
225.41666666666669,[1465 1466],[1465 1466],[-1],[-1]
225.83333333333334,[1467 1468 1469],[1467 1468 1469],[-1],[-1]
226.25,[1470 1471 1472],[1470 1471 1472],[-1],[-1]
226.66666666666669,[1473 1474],[1473 1474],[-1],[-1]
227.08333333333334,[1476 1477],[1476 1477],[-1],[-1]
227.5,[1478 1479 1480],[1478 1479 1480],[-1],[-1]
227.91666666666669,[1481 1482],[1481 1482],[-1],[-1]
228.33333333333334,[1484 1485],[1484 1485],[-1],[-1]
228.75,[1486 1487 1488],[1486 1487 1488],[-1],[-1]
229.16666666666669,[1489 1490 1491],[1489 1490 1491],[-1],[-1]
229.58333333333334,[1492 1493],[1492 1493],[-1],[-1]
230.0,[1495 1496],[1495 1496],[-1],[-1]
230.41666666666669,[1497 1498 1499],[1497 1498 1499],[-1],[-1]
230.83333333333334,[1500 1501],[1500 1501],[-1],[-1]
231.25,[1503 1504],[1503 1504],[-1],[-1]
231.66666666666669,[1505 1506 1507],[1505 1506 1507],[-1],[-1]
232.08333333333334,[1508 1509 1510],[1508 1509 1510],[-1],[-1]
232.5,[1511 1512],[1511 1512],[-1],[-1]
232.91666666666669,[1513 1514 1515],[1513 1514 1515],[-1],[-1]
233.33333333333334,[1516 1517 1518],[1516 1517 1518],[-1],[-1]
233.75,[1519 1520],[1519 1520],[-1],[-1]
234.16666666666669,[1522 1523],[1522 1523],[-1],[-1]
234.58333333333334,[1524 1525 1526],[1524 1525 1526],[-1],[-1]
235.0,[1527 1528 1529],[1527 1528 1529],[-1],[-1]
235.41666666666669,[1530 1531],[1530 1531],[-1],[-1]
235.83333333333334,[1532 1533 1534],[1532 1533 1534],[-1],[-1]
236.25,[1535 1536 1537],[1535 1536 1537],[-1],[-1]
236.66666666666669,[1538 1539],[1538 1539],[-1],[-1]
237.08333333333334,[1541 1542],[1541 1542],[-1],[-1]
237.5,[1543 1544 1545],[1543 1544 1545],[-1],[-1]
237.91666666666669,[1546 1547],[1546 1547],[-1],[-1]
238.33333333333334,[1549 1550],[1549 1550],[-1],[-1]
238.75,[1551 1552 1553],[1551 1552 1553],[-1],[-1]
239.16666666666669,[1554 1555 1556],[1554 1555 1556],[-1],[-1]
239.58333333333334,[1557 1558],[1557 1558],[-1],[-1]
240.0,[1560 1561],[1560 1561],[-1],[-1]
240.41666666666669,[1562 1563 1564],[1562 1563 1564],[-1],[-1]
240.83333333333334,[1565 1566],[1565 1566],[-1],[-1]
241.25,[1568 1569],[1568 1569],[-1],[-1]
241.66666666666669,[1570 1571 1572],[1570 1571 1572],[-1],[-1]
242.08333333333334,[1573 1574 1575],[1573 1574 1575],[-1],[-1]
242.5,[1576 1577],[1576 1577],[-1],[-1]
242.91666666666669,[1578 1579 1580],[1578 1579 1580],[-1],[-1]
243.33333333333334,[1581 1582 1583],[1581 1582 1583],[-1],[-1]
243.75,[1584 1585],[1584 1585],[-1],[-1]
244.16666666666669,[1587 1588],[1587 1588],[-1],[-1]
244.58333333333334,[1589 1590 1591],[1589 1590 1591],[-1],[-1]
245.0,[1592 1593 1594],[1592 1593 1594],[-1],[-1]
245.41666666666669,[1595 1596],[1595 1596],[-1],[-1]
245.83333333333334,[1597 1598 1599],[1597 1598 1599],[-1],[-1]
246.25,[1600 1601 1602],[1600 1601 1602],[-1],[-1]
246.66666666666669,[1603 1604],[1603 1604],[-1],[-1]
247.08333333333334,[1606 1607],[1606 1607],[-1],[-1]
247.5,[1608 1609 1610],[1608 1609 1610],[-1],[-1]
247.91666666666669,[1611 1612],[1611 1612],[-1],[-1]
248.33333333333334,[1614 1615],[1614 1615],[-1],[-1]
248.75,[1616 1617 1618],[1616 1617 1618],[-1],[-1]
249.16666666666669,[1619 1620 1621],[1619 1620 1621],[-1],[-1]
249.58333333333334,[1622 1623],[1622 1623],[-1],[-1]
250.0,[1625 1626],[1625 1626],[-1],[-1]
250.41666666666669,[1627 1628 1629],[1627 1628 1629],[-1],[-1]
250.83333333333334,[1630 1631],[1630 1631],[-1],[-1]
251.25,[1633 1634],[1633 1634],[-1],[-1]
251.66666666666669,[1635 1636 1637],[1635 1636 1637],[-1],[-1]
252.08333333333334,[1638 1639 1640],[1638 1639 1640],[-1],[-1]
252.5,[1641 1642],[1641 1642],[-1],[-1]
252.91666666666669,[1643 1644 1645],[1643 1644 1645],[-1],[-1]
253.33333333333334,[1646 1647 1648],[1646 1647 1648],[-1],[-1]
253.75,[1649 1650],[1649 1650],[-1],[-1]
254.16666666666669,[1652 1653],[1652 1653],[-1],[-1]
254.58333333333334,[1654 1655 1656],[1654 1655 1656],[-1],[-1]
255.0,[1657 1658 1659],[1657 1658 1659],[-1],[-1]
255.41666666666669,[1660 1661],[1660 1661],[-1],[-1]
255.83333333333334,[1662 1663 1664],[1662 1663 1664],[-1],[-1]
256.25,[1665 1666 1667],[1665 1666 1667],[-1],[-1]
256.66666666666669,[1668 1669],[1668 1669],[-1],[-1]
257.08333333333337,[1671 1672],[1671 1672],[-1],[-1]
257.5,[1673 1674 1675],[1673 1674 1675],[-1],[-1]
257.91666666666669,[1676 1677],[1676 1677],[-1],[-1]
258.33333333333337,[1679 1680],[1679 1680],[-1],[-1]
258.75,[1681 1682 1683],[1681 1682 1683],[-1],[-1]
259.16666666666669,[1684 1685 1686],[1684 1685 1686],[-1],[-1]
259.58333333333337,[1687 1688],[1687 1688],[-1],[-1]
260.0,[1690 1691],[1690 1691],[-1],[-1]
260.41666666666669,[1692 1693 1694],[1692 1693 1694],[-1],[-1]
260.83333333333337,[1695 1696],[1695 1696],[-1],[-1]
261.25,[1698 1699],[1698 1699],[-1],[-1]
261.66666666666669,[1700 1701 1702],[1700 1701 1702],[-1],[-1]
262.08333333333337,[1703 1704 1705],[1703 1704 1705],[-1],[-1]
262.5,[1706 1707],[1706 1707],[-1],[-1]
262.91666666666669,[1708 1709 1710],[1708 1709 1710],[-1],[-1]
263.33333333333337,[1711 1712 1713],[1711 1712 1713],[-1],[-1]
263.75,[1714 1715],[1714 1715],[-1],[-1]
264.16666666666669,[1717 1718],[1717 1718],[-1],[-1]
264.58333333333337,[1719 1720 1721],[1719 1720 1721],[-1],[-1]
265.0,[1722 1723 1724],[1722 1723 1724],[-1],[-1]
265.41666666666669,[1725 1726],[1725 1726],[-1],[-1]
265.83333333333337,[1727 1728 1729],[1727 1728 1729],[-1],[-1]
266.25,[1730 1731 1732],[1730 1731 1732],[-1],[-1]
266.66666666666669,[1733 1734],[1733 1734],[-1],[-1]
267.08333333333337,[1736 1737],[1736 1737],[-1],[-1]
267.5,[1738 1739 1740],[1738 1739 1740],[-1],[-1]
267.91666666666669,[1741 1742],[1741 1742],[-1],[-1]
268.33333333333337,[1744 1745],[1744 1745],[-1],[-1]
268.75,[1746 1747 1748],[1746 1747 1748],[-1],[-1]
269.16666666666669,[1749 1750 1751],[1749 1750 1751],[-1],[-1]
269.58333333333337,[1752 1753],[1752 1753],[-1],[-1]
270.0,[1755 1756],[1755 1756],[-1],[-1]
270.41666666666669,[1757 1758 1759],[1757 1758 1759],[-1],[-1]
270.83333333333337,[1760 1761],[1760 1761],[-1],[-1]
271.25,[1763 1764],[1763 1764],[-1],[-1]
271.66666666666669,[1765 1766 1767],[1765 1766 1767],[-1],[-1]
272.08333333333337,[1768 1769 1770],[1768 1769 1770],[-1],[-1]
272.5,[1771 1772],[1771 1772],[-1],[-1]
272.91666666666669,[1773 1774 1775],[1773 1774 1775],[-1],[-1]
273.33333333333337,[1776 1777 1778],[1776 1777 1778],[-1],[-1]
273.75,[1779 1780],[1779 1780],[-1],[-1]
274.16666666666669,[1782 1783],[1782 1783],[-1],[-1]
274.58333333333337,[1784 1785 1786],[1784 1785 1786],[-1],[-1]
275.0,[1787 1788 1789],[1787 1788 1789],[-1],[-1]
275.41666666666669,[1790 1791],[1790 1791],[-1],[-1]
275.83333333333337,[1792 1793 1794],[1792 1793 1794],[-1],[-1]
276.25,[1795 1796 1797],[1795 1796 1797],[-1],[-1]
276.66666666666669,[1798 1799],[1798 1799],[-1],[-1]
277.08333333333337,[1801 1802],[1801 1802],[-1],[-1]
277.5,[1803 1804 1805],[1803 1804 1805],[-1],[-1]
277.91666666666669,[1806 1807],[1806 1807],[-1],[-1]
278.33333333333337,[1809 1810],[1809 1810],[-1],[-1]
278.75,[1811 1812 1813],[1811 1812 1813],[-1],[-1]
279.16666666666669,[1814 1815 1816],[1814 1815 1816],[-1],[-1]
279.58333333333337,[1817 1818],[1817 1818],[-1],[-1]
280.0,[1820 1821],[1820 1821],[-1],[-1]
280.41666666666669,[1822 1823 1824],[1822 1823 1824],[-1],[-1]
280.83333333333337,[1825 1826],[1825 1826],[-1],[-1]
281.25,[1828 1829],[1828 1829],[-1],[-1]
281.66666666666669,[1830 1831 1832],[1830 1831 1832],[-1],[-1]
282.08333333333337,[1833 1834 1835],[1833 1834 1835],[-1],[-1]
282.5,[1836 1837],[1836 1837],[-1],[-1]
282.91666666666669,[1838 1839 1840],[1838 1839 1840],[-1],[-1]
283.33333333333337,[1841 1842 1843],[1841 1842 1843],[-1],[-1]
283.75,[1844 1845],[1844 1845],[-1],[-1]
284.16666666666669,[1847 1848],[1847 1848],[-1],[-1]
284.58333333333337,[1849 1850 1851],[1849 1850 1851],[-1],[-1]
285.0,[1852 1853 1854],[1852 1853 1854],[-1],[-1]
285.41666666666669,[1855 1856],[1855 1856],[-1],[-1]
285.83333333333337,[1857 1858 1859],[1857 1858 1859],[-1],[-1]
286.25,[1860 1861 1862],[1860 1861 1862],[-1],[-1]
286.66666666666669,[1863 1864],[1863 1864],[-1],[-1]
287.08333333333337,[1866 1867],[1866 1867],[-1],[-1]
287.5,[1868 1869 1870],[1868 1869 1870],[-1],[-1]
287.91666666666669,[1871 1872],[1871 1872],[-1],[-1]
288.33333333333337,[1874 1875],[1874 1875],[-1],[-1]
288.75,[1876 1877 1878],[1876 1877 1878],[-1],[-1]
289.16666666666669,[1879 1880 1881],[1879 1880 1881],[-1],[-1]
289.58333333333337,[1882 1883],[1882 1883],[-1],[-1]
290.0,[1885 1886],[1885 1886],[-1],[-1]
290.41666666666669,[1887 1888 1889],[1887 1888 1889],[-1],[-1]
290.83333333333337,[1890 1891],[1890 1891],[-1],[-1]
291.25,[1893 1894],[1893 1894],[-1],[-1]
291.66666666666669,[1895 1896 1897],[1895 1896 1897],[-1],[-1]
292.08333333333337,[1898 1899 1900],[1898 1899 1900],[-1],[-1]
292.5,[1901 1902],[1901 1902],[-1],[-1]
292.91666666666669,[1903 1904 1905],[1903 1904 1905],[-1],[-1]
293.33333333333337,[1906 1907 1908],[1906 1907 1908],[-1],[-1]
293.75,[1909 1910],[1909 1910],[-1],[-1]
294.16666666666669,[1912 1913],[1912 1913],[-1],[-1]
294.58333333333337,[1914 1915 1916],[1914 1915 1916],[-1],[-1]
295.0,[1917 1918 1919],[1917 1918 1919],[-1],[-1]
295.41666666666669,[1920 1921],[1920 1921],[-1],[-1]
295.83333333333337,[1922 1923 1924],[1922 1923 1924],[-1],[-1]
296.25,[1925 1926 1927],[1925 1926 1927],[-1],[-1]
296.66666666666669,[1928 1929],[1928 1929],[-1],[-1]
297.08333333333337,[1931 1932],[1931 1932],[-1],[-1]
297.5,[1933 1934 1935],[1933 1934 1935],[-1],[-1]
297.91666666666669,[1936 1937],[1936 1937],[-1],[-1]
298.33333333333337,[1939 1940],[1939 1940],[-1],[-1]
298.75,[1941 1942 1943],[1941 1942 1943],[-1],[-1]
299.16666666666669,[1944 1945 1946],[1944 1945 1946],[-1],[-1]
299.58333333333337,[1947 1948],[1947 1948],[-1],[-1]
300.0,[1950 1951],[1950 1951],[-1],[-1]
300.41666666666669,[1952 1953 1954],[1952 1953 1954],[-1],[-1]
300.83333333333337,[1955 1956],[1955 1956],[-1],[-1]
301.25,[1958 1959],[1958 1959],[-1],[-1]
301.66666666666669,[1960 1961 1962],[1960 1961 1962],[-1],[-1]
302.08333333333337,[1963 1964 1965],[1963 1964 1965],[-1],[-1]
302.5,[1966 1967],[1966 1967],[-1],[-1]
302.91666666666669,[1968 1969 1970],[1968 1969 1970],[-1],[-1]
303.33333333333337,[1971 1972 1973],[1971 1972 1973],[-1],[-1]
303.75,[1974 1975],[1974 1975],[-1],[-1]
304.16666666666669,[1977 1978],[1977 1978],[-1],[-1]
304.58333333333337,[1979 1980 1981],[1979 1980 1981],[-1],[-1]
305.0,[1982 1983 1984],[1982 1983 1984],[-1],[-1]
305.41666666666669,[1985 1986],[1985 1986],[-1],[-1]
305.83333333333337,[1987 1988 1989],[1987 1988 1989],[-1],[-1]
306.25,[1990 1991 1992],[1990 1991 1992],[-1],[-1]
306.66666666666669,[1993 1994],[1993 1994],[-1],[-1]
307.08333333333337,[1996 1997],[1996 1997],[-1],[-1]
307.5,[1998 1999 2000],[1998 1999 2000],[-1],[-1]
307.91666666666669,[2001 2002],[2001 2002],[-1],[-1]
308.33333333333337,[2004 2005],[2004 2005],[-1],[-1]
308.75,[2006 2007 2008],[2006 2007 2008],[-1],[-1]
309.16666666666669,[2009 2010 2011],[2009 2010 2011],[-1],[-1]
309.58333333333337,[2012 2013],[2012 2013],[-1],[-1]
310.0,[2015 2016],[2015 2016],[-1],[-1]
310.41666666666669,[2017 2018 2019],[2017 2018 2019],[-1],[-1]
310.83333333333337,[2020 2021],[2020 2021],[-1],[-1]
311.25,[2023 2024],[2023 2024],[-1],[-1]
311.66666666666669,[2025 2026 2027],[2025 2026 2027],[-1],[-1]
312.08333333333337,[2028 2029 2030],[2028 2029 2030],[-1],[-1]
312.5,[2031 2032],[2031 2032],[-1],[-1]
312.91666666666669,[2033 2034 2035],[2033 2034 2035],[-1],[-1]
313.33333333333337,[2036 2037 2038],[2036 2037 2038],[-1],[-1]
313.75,[2039 2040],[2039 2040],[-1],[-1]
314.16666666666669,[2042 2043],[2042 2043],[-1],[-1]
314.58333333333337,[2044 2045 2046],[2044 2045 2046],[-1],[-1]
315.0,[2047 2048 2049],[2047 2048 2049],[-1],[-1]
315.41666666666669,[2050 2051],[2050 2051],[-1],[-1]
315.83333333333337,[2052 2053 2054],[2052 2053 2054],[-1],[-1]
316.25,[2055 2056 2057],[2055 2056 2057],[-1],[-1]
316.66666666666669,[2058 2059],[2058 2059],[-1],[-1]
317.08333333333337,[2061 2062],[2061 2062],[-1],[-1]
317.5,[2063 2064 2065],[2063 2064 2065],[-1],[-1]
317.91666666666669,[2066 2067],[2066 2067],[-1],[-1]
318.33333333333337,[2069 2070],[2069 2070],[-1],[-1]
318.75,[2071 2072 2073],[2071 2072 2073],[-1],[-1]
319.16666666666669,[2074 2075 2076],[2074 2075 2076],[-1],[-1]
319.58333333333337,[2077 2078],[2077 2078],[-1],[-1]
320.0,[2080 2081],[2080 2081],[-1],[-1]
320.41666666666669,[2082 2083 2084],[2082 2083 2084],[-1],[-1]
320.83333333333337,[2085 2086],[2085 2086],[-1],[-1]
321.25,[2088 2089],[2088 2089],[-1],[-1]
321.66666666666669,[2090 2091 2092],[2090 2091 2092],[-1],[-1]
322.08333333333337,[2093 2094 2095],[2093 2094 2095],[-1],[-1]
322.5,[2096 2097],[2096 2097],[-1],[-1]
322.91666666666669,[2098 2099 2100],[2098 2099 2100],[-1],[-1]
323.33333333333337,[2101 2102 2103],[2101 2102 2103],[-1],[-1]
323.75,[2104 2105],[2104 2105],[-1],[-1]
324.16666666666669,[2107 2108],[2107 2108],[-1],[-1]
324.58333333333337,[2109 2110 2111],[2109 2110 2111],[-1],[-1]
325.0,[2112 2113 2114],[2112 2113 2114],[-1],[-1]
325.41666666666669,[2115 2116],[2115 2116],[-1],[-1]
325.83333333333337,[2117 2118 2119],[2117 2118 2119],[-1],[-1]
326.25,[2120 2121 2122],[2120 2121 2122],[-1],[-1]
326.66666666666669,[2123 2124],[2123 2124],[-1],[-1]
327.08333333333337,[2126 2127],[2126 2127],[-1],[-1]
327.5,[2128 2129 2130],[2128 2129 2130],[-1],[-1]
327.91666666666669,[2131 2132],[2131 2132],[-1],[-1]
328.33333333333337,[2134 2135],[2134 2135],[-1],[-1]
328.75,[2136 2137 2138],[2136 2137 2138],[-1],[-1]
329.16666666666669,[2139 2140 2141],[2139 2140 2141],[-1],[-1]
329.58333333333337,[2142 2143],[2142 2143],[-1],[-1]
330.0,[2145 2146],[2145 2146],[-1],[-1]
330.41666666666669,[2147 2148 2149],[2147 2148 2149],[-1],[-1]
330.83333333333337,[2150 2151],[2150 2151],[-1],[-1]
331.25,[2153 2154],[2153 2154],[-1],[-1]
331.66666666666669,[2155 2156 2157],[2155 2156 2157],[-1],[-1]
332.08333333333337,[2158 2159 2160],[2158 2159 2160],[-1],[-1]
332.5,[2161 2162],[2161 2162],[-1],[-1]
332.91666666666669,[2163 2164 2165],[2163 2164 2165],[-1],[-1]
333.33333333333337,[2166 2167 2168],[2166 2167 2168],[-1],[-1]
333.75,[2169 2170],[2169 2170],[-1],[-1]
334.16666666666669,[2172 2173],[2172 2173],[-1],[-1]
334.58333333333337,[2174 2175 2176],[2174 2175 2176],[-1],[-1]
335.0,[2177 2178 2179],[2177 2178 2179],[-1],[-1]
335.41666666666669,[2180 2181],[2180 2181],[-1],[-1]
335.83333333333337,[2182 2183 2184],[2182 2183 2184],[-1],[-1]
336.25,[2185 2186 2187],[2185 2186 2187],[-1],[-1]
336.66666666666669,[2188 2189],[2188 2189],[-1],[-1]
337.08333333333337,[2191 2192],[2191 2192],[-1],[-1]
337.5,[2193 2194 2195],[2193 2194 2195],[-1],[-1]
337.91666666666669,[2196 2197],[2196 2197],[-1],[-1]
338.33333333333337,[2199 2200],[2199 2200],[-1],[-1]
338.75,[2201 2202 2203],[2201 2202 2203],[-1],[-1]
339.16666666666669,[2204 2205 2206],[2204 2205 2206],[-1],[-1]
339.58333333333337,[2207 2208],[2207 2208],[-1],[-1]
340.0,[2210 2211],[2210 2211],[-1],[-1]
340.41666666666669,[2212 2213 2214],[2212 2213 2214],[-1],[-1]
340.83333333333337,[2215 2216],[2215 2216],[-1],[-1]
341.25,[2218 2219],[2218 2219],[-1],[-1]
341.66666666666669,[2220 2221 2222],[2220 2221 2222],[-1],[-1]
342.08333333333337,[2223 2224 2225],[2223 2224 2225],[-1],[-1]
342.5,[2226 2227],[2226 2227],[-1],[-1]
342.91666666666669,[2228 2229 2230],[2228 2229 2230],[-1],[-1]
343.33333333333337,[2231 2232 2233],[2231 2232 2233],[-1],[-1]
343.75,[2234 2235],[2234 2235],[-1],[-1]
344.16666666666669,[2237 2238],[2237 2238],[-1],[-1]
344.58333333333337,[2239 2240 2241],[2239 2240 2241],[-1],[-1]
345.0,[2242 2243 2244],[2242 2243 2244],[-1],[-1]
345.41666666666669,[2245 2246],[2245 2246],[-1],[-1]
345.83333333333337,[2247 2248 2249],[2247 2248 2249],[-1],[-1]
346.25,[2250 2251 2252],[2250 2251 2252],[-1],[-1]
346.66666666666669,[2253 2254],[2253 2254],[-1],[-1]
347.08333333333337,[2256 2257],[2256 2257],[-1],[-1]
347.5,[2258 2259 2260],[2258 2259 2260],[-1],[-1]
347.91666666666669,[2261 2262],[2261 2262],[-1],[-1]
348.33333333333337,[2264 2265],[2264 2265],[-1],[-1]
348.75,[2266 2267 2268],[2266 2267 2268],[-1],[-1]
349.16666666666669,[2269 2270 2271],[2269 2270 2271],[-1],[-1]
349.58333333333337,[2272 2273],[2272 2273],[-1],[-1]
350.0,[2275 2276],[2275 2276],[-1],[-1]
350.41666666666669,[2277 2278 2279],[2277 2278 2279],[-1],[-1]
350.83333333333337,[2280 2281],[2280 2281],[-1],[-1]
351.25,[2283 2284],[2283 2284],[-1],[-1]
351.66666666666669,[2285 2286 2287],[2285 2286 2287],[-1],[-1]
352.08333333333337,[2288 2289 2290],[2288 2289 2290],[-1],[-1]
352.5,[2291 2292],[2291 2292],[-1],[-1]
352.91666666666669,[2293 2294 2295],[2293 2294 2295],[-1],[-1]
353.33333333333337,[2296 2297 2298],[2296 2297 2298],[-1],[-1]
353.75,[2299 2300],[2299 2300],[-1],[-1]
354.16666666666669,[2302 2303],[2302 2303],[-1],[-1]
354.58333333333337,[2304 2305 2306],[2304 2305 2306],[-1],[-1]
355.0,[2307 2308 2309],[2307 2308 2309],[-1],[-1]
355.41666666666669,[2310 2311],[2310 2311],[-1],[-1]
355.83333333333337,[2312 2313 2314],[2312 2313 2314],[-1],[-1]
356.25,[2315 2316 2317],[2315 2316 2317],[-1],[-1]
356.66666666666669,[2318 2319],[2318 2319],[-1],[-1]
357.08333333333337,[2321 2322],[2321 2322],[-1],[-1]
357.5,[2323 2324 2325],[2323 2324 2325],[-1],[-1]
357.91666666666669,[2326 2327],[2326 2327],[-1],[-1]
358.33333333333337,[2329 2330],[2329 2330],[-1],[-1]
358.75,[2331 2332 2333],[2331 2332 2333],[-1],[-1]
359.16666666666669,[2334 2335 2336],[2334 2335 2336],[-1],[-1]
359.58333333333337,[2337 2338],[2337 2338],[-1],[-1]
360.0,[2340 2341],[2340 2341],[-1],[-1]
360.41666666666669,[2342 2343 2344],[2342 2343 2344],[-1],[-1]
360.83333333333337,[2345 2346],[2345 2346],[-1],[-1]
361.25,[2348 2349],[2348 2349],[-1],[-1]
361.66666666666669,[2350 2351 2352],[2350 2351 2352],[-1],[-1]
362.08333333333337,[2353 2354 2355],[2353 2354 2355],[-1],[-1]
362.5,[2356 2357],[2356 2357],[-1],[-1]
362.91666666666669,[2358 2359 2360],[2358 2359 2360],[-1],[-1]
363.33333333333337,[2361 2362 2363],[2361 2362 2363],[-1],[-1]
363.75,[2364 2365],[2364 2365],[-1],[-1]
364.16666666666669,[2367 2368],[2367 2368],[-1],[-1]
364.58333333333337,[2369 2370 2371],[2369 2370 2371],[-1],[-1]
365.0,[2372 2373 2374],[2372 2373 2374],[-1],[-1]
365.41666666666669,[2375 2376],[2375 2376],[-1],[-1]
365.83333333333337,[2377 2378 2379],[2377 2378 2379],[-1],[-1]
366.25,[2380 2381 2382],[2380 2381 2382],[-1],[-1]
366.66666666666669,[2383 2384],[2383 2384],[-1],[-1]
367.08333333333337,[2386 2387],[2386 2387],[-1],[-1]
367.5,[2388 2389 2390],[2388 2389 2390],[-1],[-1]
367.91666666666669,[2391 2392],[2391 2392],[-1],[-1]
368.33333333333337,[2394 2395],[2394 2395],[-1],[-1]
368.75,[2396 2397 2398],[2396 2397 2398],[-1],[-1]
369.16666666666669,[2399 2400 2401],[2399 2400 2401],[-1],[-1]
369.58333333333337,[2402 2403],[2402 2403],[-1],[-1]
370.0,[2405 2406],[2405 2406],[-1],[-1]
370.41666666666669,[2407 2408 2409],[2407 2408 2409],[-1],[-1]
370.83333333333337,[2410 2411],[2410 2411],[-1],[-1]
371.25,[2413 2414],[2413 2414],[-1],[-1]
371.66666666666669,[2415 2416 2417],[2415 2416 2417],[-1],[-1]
372.08333333333337,[2418 2419 2420],[2418 2419 2420],[-1],[-1]
372.5,[2421 2422],[2421 2422],[-1],[-1]
372.91666666666669,[2423 2424 2425],[2423 2424 2425],[-1],[-1]
373.33333333333337,[2426 2427 2428],[2426 2427 2428],[-1],[-1]
373.75,[2429 2430],[2429 2430],[-1],[-1]
374.16666666666669,[2432 2433],[2432 2433],[-1],[-1]
374.58333333333337,[2434 2435 2436],[2434 2435 2436],[-1],[-1]
375.0,[2437 2438 2439],[2437 2438 2439],[-1],[-1]
375.41666666666669,[2440 2441],[2440 2441],[-1],[-1]
375.83333333333337,[2442 2443 2444],[2442 2443 2444],[-1],[-1]
376.25,[2445 2446 2447],[2445 2446 2447],[-1],[-1]
376.66666666666669,[2448 2449],[2448 2449],[-1],[-1]
377.08333333333337,[2451 2452],[2451 2452],[-1],[-1]
377.5,[2453 2454 2455],[2453 2454 2455],[-1],[-1]
377.91666666666669,[2456 2457],[2456 2457],[-1],[-1]
378.33333333333337,[2459 2460],[2459 2460],[-1],[-1]
378.75,[2461 2462 2463],[2461 2462 2463],[-1],[-1]
379.16666666666669,[2464 2465 2466],[2464 2465 2466],[-1],[-1]
379.58333333333337,[2467 2468],[2467 2468],[-1],[-1]
380.0,[2470 2471],[2470 2471],[-1],[-1]
380.41666666666669,[2472 2473 2474],[2472 2473 2474],[-1],[-1]
380.83333333333337,[2475 2476],[2475 2476],[-1],[-1]
381.25,[2478 2479],[2478 2479],[-1],[-1]
381.66666666666669,[2480 2481 2482],[2480 2481 2482],[-1],[-1]
382.08333333333337,[2483 2484 2485],[2483 2484 2485],[-1],[-1]
382.5,[2486 2487],[2486 2487],[-1],[-1]
382.91666666666669,[2488 2489 2490],[2488 2489 2490],[-1],[-1]
383.33333333333337,[2491 2492 2493],[2491 2492 2493],[-1],[-1]
383.75,[2494 2495],[2494 2495],[-1],[-1]
384.16666666666669,[2497 2498],[2497 2498],[-1],[-1]
384.58333333333337,[2499 2500 2501],[2499 2500 2501],[-1],[-1]
385.0,[2502 2503 2504],[2502 2503 2504],[-1],[-1]
385.41666666666669,[2505 2506],[2505 2506],[-1],[-1]
385.83333333333337,[2507 2508 2509],[2507 2508 2509],[-1],[-1]
386.25,[2510 2511 2512],[2510 2511 2512],[-1],[-1]
386.66666666666669,[2513 2514],[2513 2514],[-1],[-1]
387.08333333333337,[2516 2517],[2516 2517],[-1],[-1]
387.5,[2518 2519 2520],[2518 2519 2520],[-1],[-1]
387.91666666666669,[2521 2522],[2521 2522],[-1],[-1]
388.33333333333337,[2524 2525],[2524 2525],[-1],[-1]
388.75,[2526 2527 2528],[2526 2527 2528],[-1],[-1]
389.16666666666669,[2529 2530 2531],[2529 2530 2531],[-1],[-1]
389.58333333333337,[2532 2533],[2532 2533],[-1],[-1]
390.0,[2535 2536],[2535 2536],[-1],[-1]
390.41666666666669,[2537 2538 2539],[2537 2538 2539],[-1],[-1]
390.83333333333337,[2540 2541],[2540 2541],[-1],[-1]
391.25,[2543 2544],[2543 2544],[-1],[-1]
391.66666666666669,[2545 2546 2547],[2545 2546 2547],[-1],[-1]
392.08333333333337,[2548 2549 2550],[2548 2549 2550],[-1],[-1]
392.5,[2551 2552],[2551 2552],[-1],[-1]
392.91666666666669,[2553 2554 2555],[2553 2554 2555],[-1],[-1]
393.33333333333337,[2556 2557 2558],[2556 2557 2558],[-1],[-1]
393.75,[2559 2560],[2559 2560],[-1],[-1]
394.16666666666669,[2562 2563],[2562 2563],[-1],[-1]
394.58333333333337,[2564 2565 2566],[2564 2565 2566],[-1],[-1]
395.0,[2567 2568 2569],[2567 2568 2569],[-1],[-1]
395.41666666666669,[2570 2571],[2570 2571],[-1],[-1]
395.83333333333337,[2572 2573 2574],[2572 2573 2574],[-1],[-1]
396.25,[2575 2576 2577],[2575 2576 2577],[-1],[-1]
396.66666666666669,[2578 2579],[2578 2579],[-1],[-1]
397.08333333333337,[2581 2582],[2581 2582],[-1],[-1]
397.5,[2583 2584 2585],[2583 2584 2585],[-1],[-1]
397.91666666666669,[2586 2587],[2586 2587],[-1],[-1]
398.33333333333337,[2589 2590],[2589 2590],[-1],[-1]
398.75,[2591 2592 2593],[2591 2592 2593],[-1],[-1]
399.16666666666669,[2594 2595 2596],[2594 2595 2596],[-1],[-1]
399.58333333333337,[2597 2598],[2597 2598],[-1],[-1]
400.0,[2600 2601],[2600 2601],[-1],[-1]
400.41666666666669,[2602 2603 2604],[2602 2603 2604],[-1],[-1]
400.83333333333337,[2605 2606],[2605 2606],[-1],[-1]
401.25,[2608 2609],[2608 2609],[-1],[-1]
401.66666666666669,[2610 2611 2612],[2610 2611 2612],[-1],[-1]
402.08333333333337,[2613 2614 2615],[2613 2614 2615],[-1],[-1]
402.5,[2616 2617],[2616 2617],[-1],[-1]
402.91666666666669,[2618 2619 2620],[2618 2619 2620],[-1],[-1]
403.33333333333337,[2621 2622 2623],[2621 2622 2623],[-1],[-1]
403.75,[2624 2625],[2624 2625],[-1],[-1]
404.16666666666669,[2627 2628],[2627 2628],[-1],[-1]
404.58333333333337,[2629 2630 2631],[2629 2630 2631],[-1],[-1]
405.0,[2632 2633 2634],[2632 2633 2634],[-1],[-1]
405.41666666666669,[2635 2636],[2635 2636],[-1],[-1]
405.83333333333337,[2637 2638 2639],[2637 2638 2639],[-1],[-1]
406.25,[2640 2641 2642],[2640 2641 2642],[-1],[-1]
406.66666666666669,[2643 2644],[2643 2644],[-1],[-1]
407.08333333333337,[2646 2647],[2646 2647],[-1],[-1]
407.5,[2648 2649 2650],[2648 2649 2650],[-1],[-1]
407.91666666666669,[2651 2652],[2651 2652],[-1],[-1]
408.33333333333337,[2654 2655],[2654 2655],[-1],[-1]
408.75,[2656 2657 2658],[2656 2657 2658],[-1],[-1]
409.16666666666669,[2659 2660 2661],[2659 2660 2661],[-1],[-1]
409.58333333333337,[2662 2663],[2662 2663],[-1],[-1]
410.0,[2665 2666],[2665 2666],[-1],[-1]
410.41666666666669,[2667 2668 2669],[2667 2668 2669],[-1],[-1]
410.83333333333337,[2670 2671],[2670 2671],[-1],[-1]
411.25,[2673 2674],[2673 2674],[-1],[-1]
411.66666666666669,[2675 2676 2677],[2675 2676 2677],[-1],[-1]
412.08333333333337,[2678 2679 2680],[2678 2679 2680],[-1],[-1]
412.5,[2681 2682],[2681 2682],[-1],[-1]
412.91666666666669,[2683 2684 2685],[2683 2684 2685],[-1],[-1]
413.33333333333337,[2686 2687 2688],[2686 2687 2688],[-1],[-1]
413.75,[2689 2690],[2689 2690],[-1],[-1]
414.16666666666669,[2692 2693],[2692 2693],[-1],[-1]
414.58333333333337,[2694 2695 2696],[2694 2695 2696],[-1],[-1]
415.0,[2697 2698 2699],[2697 2698 2699],[-1],[-1]
415.41666666666669,[2700 2701],[2700 2701],[-1],[-1]
415.83333333333337,[2702 2703 2704],[2702 2703 2704],[-1],[-1]
416.25,[2705 2706 2707],[2705 2706 2707],[-1],[-1]
416.66666666666669,[2708 2709],[2708 2709],[-1],[-1]
417.08333333333337,[2711 2712],[2711 2712],[-1],[-1]
417.5,[2713 2714 2715],[2713 2714 2715],[-1],[-1]
417.91666666666669,[2716 2717],[2716 2717],[-1],[-1]
418.33333333333337,[2719 2720],[2719 2720],[-1],[-1]
418.75,[2721 2722 2723],[2721 2722 2723],[-1],[-1]
419.16666666666669,[2724 2725 2726],[2724 2725 2726],[-1],[-1]
419.58333333333337,[2727 2728],[2727 2728],[-1],[-1]
420.0,[2730 2731],[2730 2731],[-1],[-1]
420.41666666666669,[2732 2733 2734],[2732 2733 2734],[-1],[-1]
420.83333333333337,[2735 2736],[2735 2736],[-1],[-1]
421.25,[2738 2739],[2738 2739],[-1],[-1]
421.66666666666669,[2740 2741 2742],[2740 2741 2742],[-1],[-1]
422.08333333333337,[2743 2744 2745],[2743 2744 2745],[-1],[-1]
422.5,[2746 2747],[2746 2747],[-1],[-1]
422.91666666666669,[2748 2749 2750],[2748 2749 2750],[-1],[-1]
423.33333333333337,[2751 2752 2753],[2751 2752 2753],[-1],[-1]
423.75,[2754 2755],[2754 2755],[-1],[-1]
424.16666666666669,[2757 2758],[2757 2758],[-1],[-1]
424.58333333333337,[2759 2760 2761],[2759 2760 2761],[-1],[-1]
425.0,[2762 2763 2764],[2762 2763 2764],[-1],[-1]
425.41666666666669,[2765 2766],[2765 2766],[-1],[-1]
425.83333333333337,[2767 2768 2769],[2767 2768 2769],[-1],[-1]
426.25,[2770 2771 2772],[2770 2771 2772],[-1],[-1]
426.66666666666669,[2773 2774],[2773 2774],[-1],[-1]
427.08333333333337,[2776 2777],[2776 2777],[-1],[-1]
427.5,[2778 2779 2780],[2778 2779 2780],[-1],[-1]
427.91666666666669,[2781 2782],[2781 2782],[-1],[-1]
428.33333333333337,[2784 2785],[2784 2785],[-1],[-1]
428.75,[2786 2787 2788],[2786 2787 2788],[-1],[-1]
429.16666666666669,[2789 2790 2791],[2789 2790 2791],[-1],[-1]
429.58333333333337,[2792 2793],[2792 2793],[-1],[-1]
430.0,[2795 2796],[2795 2796],[-1],[-1]
430.41666666666669,[2797 2798 2799],[2797 2798 2799],[-1],[-1]
430.83333333333337,[2800 2801],[2800 2801],[-1],[-1]
431.25,[2803 2804],[2803 2804],[-1],[-1]
431.66666666666669,[2805 2806 2807],[2805 2806 2807],[-1],[-1]
432.08333333333337,[2808 2809 2810],[2808 2809 2810],[-1],[-1]
432.5,[2811 2812],[2811 2812],[-1],[-1]
432.91666666666669,[2813 2814 2815],[2813 2814 2815],[-1],[-1]
433.33333333333337,[2816 2817 2818],[2816 2817 2818],[-1],[-1]
433.75,[2819 2820],[2819 2820],[-1],[-1]
434.16666666666669,[2822 2823],[2822 2823],[-1],[-1]
434.58333333333337,[2824 2825 2826],[2824 2825 2826],[-1],[-1]
435.0,[2827 2828 2829],[2827 2828 2829],[-1],[-1]
435.41666666666669,[2830 2831],[2830 2831],[-1],[-1]
435.83333333333337,[2832 2833 2834],[2832 2833 2834],[-1],[-1]
436.25,[2835 2836 2837],[2835 2836 2837],[-1],[-1]
436.66666666666669,[2838 2839],[2838 2839],[-1],[-1]
437.08333333333337,[2841 2842],[2841 2842],[-1],[-1]
437.5,[2843 2844 2845],[2843 2844 2845],[-1],[-1]
437.91666666666669,[2846 2847],[2846 2847],[-1],[-1]
438.33333333333337,[2849 2850],[2849 2850],[-1],[-1]
438.75,[2851 2852 2853],[2851 2852 2853],[-1],[-1]
439.16666666666669,[2854 2855 2856],[2854 2855 2856],[-1],[-1]
439.58333333333337,[2857 2858],[2857 2858],[-1],[-1]
440.0,[2860 2861],[2860 2861],[-1],[-1]
440.41666666666669,[2862 2863 2864],[2862 2863 2864],[-1],[-1]
440.83333333333337,[2865 2866],[2865 2866],[-1],[-1]
441.25,[2868 2869],[2868 2869],[-1],[-1]
441.66666666666669,[2870 2871 2872],[2870 2871 2872],[-1],[-1]
442.08333333333337,[2873 2874 2875],[2873 2874 2875],[-1],[-1]
442.5,[2876 2877],[2876 2877],[-1],[-1]
442.91666666666669,[2878 2879 2880],[2878 2879 2880],[-1],[-1]
443.33333333333337,[2881 2882 2883],[2881 2882 2883],[-1],[-1]
443.75,[2884 2885],[2884 2885],[-1],[-1]
444.16666666666669,[2887 2888],[2887 2888],[-1],[-1]
444.58333333333337,[2889 2890 2891],[2889 2890 2891],[-1],[-1]
445.0,[2892 2893 2894],[2892 2893 2894],[-1],[-1]
445.41666666666669,[2895 2896],[2895 2896],[-1],[-1]
445.83333333333337,[2897 2898 2899],[2897 2898 2899],[-1],[-1]
446.25,[2900 2901 2902],[2900 2901 2902],[-1],[-1]
446.66666666666669,[2903 2904],[2903 2904],[-1],[-1]
447.08333333333337,[2906 2907],[2906 2907],[-1],[-1]
447.5,[2908 2909 2910],[2908 2909 2910],[-1],[-1]
447.91666666666669,[2911 2912],[2911 2912],[-1],[-1]
448.33333333333337,[2914 2915],[2914 2915],[-1],[-1]
448.75,[2916 2917 2918],[2916 2917 2918],[-1],[-1]
449.16666666666669,[2919 2920 2921],[2919 2920 2921],[-1],[-1]
449.58333333333337,[2922 2923],[2922 2923],[-1],[-1]
450.0,[2925 2926],[2925 2926],[-1],[-1]
450.41666666666669,[2927 2928 2929],[2927 2928 2929],[-1],[-1]
450.83333333333337,[2930 2931],[2930 2931],[-1],[-1]
451.25,[2933 2934],[2933 2934],[-1],[-1]
451.66666666666669,[2935 2936 2937],[2935 2936 2937],[-1],[-1]
452.08333333333337,[2938 2939 2940],[2938 2939 2940],[-1],[-1]
452.5,[2941 2942],[2941 2942],[-1],[-1]
452.91666666666669,[2943 2944 2945],[2943 2944 2945],[-1],[-1]
453.33333333333337,[2946 2947 2948],[2946 2947 2948],[-1],[-1]
453.75,[2949 2950],[2949 2950],[-1],[-1]
454.16666666666669,[2952 2953],[2952 2953],[-1],[-1]
454.58333333333337,[2954 2955 2956],[2954 2955 2956],[-1],[-1]
455.0,[2957 2958 2959],[2957 2958 2959],[-1],[-1]
455.41666666666669,[2960 2961],[2960 2961],[-1],[-1]
455.83333333333337,[2962 2963 2964],[2962 2963 2964],[-1],[-1]
456.25,[2965 2966 2967],[2965 2966 2967],[-1],[-1]
456.66666666666669,[2968 2969],[2968 2969],[-1],[-1]
457.08333333333337,[2971 2972],[2971 2972],[-1],[-1]
457.5,[2973 2974 2975],[2973 2974 2975],[-1],[-1]
457.91666666666669,[2976 2977],[2976 2977],[-1],[-1]
458.33333333333337,[2979 2980],[2979 2980],[-1],[-1]
458.75,[2981 2982 2983],[2981 2982 2983],[-1],[-1]
459.16666666666669,[2984 2985 2986],[2984 2985 2986],[-1],[-1]
459.58333333333337,[2987 2988],[2987 2988],[-1],[-1]
460.0,[2990 2991],[2990 2991],[-1],[-1]
460.41666666666669,[2992 2993 2994],[2992 2993 2994],[-1],[-1]
460.83333333333337,[2995 2996],[2995 2996],[-1],[-1]
461.25,[2998 2999],[2998 2999],[-1],[-1]
461.66666666666669,[3000 3001 3002],[3000 3001 3002],[-1],[-1]
462.08333333333337,[3003 3004 3005],[3003 3004 3005],[-1],[-1]
462.5,[3006 3007],[3006 3007],[-1],[-1]
462.91666666666669,[3008 3009 3010],[3008 3009 3010],[-1],[-1]
463.33333333333337,[3011 3012 3013],[3011 3012 3013],[-1],[-1]
463.75,[3014 3015],[3014 3015],[-1],[-1]
464.16666666666669,[3017 3018],[3017 3018],[-1],[-1]
464.58333333333337,[3019 3020 3021],[3019 3020 3021],[-1],[-1]
465.0,[3022 3023 3024],[3022 3023 3024],[-1],[-1]
465.41666666666669,[3025 3026],[3025 3026],[-1],[-1]
465.83333333333337,[3027 3028 3029],[3027 3028 3029],[-1],[-1]
466.25,[3030 3031 3032],[3030 3031 3032],[-1],[-1]
466.66666666666669,[3033 3034],[3033 3034],[-1],[-1]
467.08333333333337,[3036 3037],[3036 3037],[-1],[-1]
467.5,[3038 3039 3040],[3038 3039 3040],[-1],[-1]
467.91666666666669,[3041 3042],[3041 3042],[-1],[-1]
468.33333333333337,[3044 3045],[3044 3045],[-1],[-1]
468.75,[3046 3047 3048],[3046 3047 3048],[-1],[-1]
469.16666666666669,[3049 3050 3051],[3049 3050 3051],[-1],[-1]
469.58333333333337,[3052 3053],[3052 3053],[-1],[-1]
470.0,[3055 3056],[3055 3056],[-1],[-1]
470.41666666666669,[3057 3058 3059],[3057 3058 3059],[-1],[-1]
470.83333333333337,[3060 3061],[3060 3061],[-1],[-1]
471.25,[3063 3064],[3063 3064],[-1],[-1]
471.66666666666669,[3065 3066 3067],[3065 3066 3067],[-1],[-1]
472.08333333333337,[3068 3069 3070],[3068 3069 3070],[-1],[-1]
472.5,[3071 3072],[3071 3072],[-1],[-1]
472.91666666666669,[3073 3074 3075],[3073 3074 3075],[-1],[-1]
473.33333333333337,[3076 3077 3078],[3076 3077 3078],[-1],[-1]
473.75,[3079 3080],[3079 3080],[-1],[-1]
474.16666666666669,[3082 3083],[3082 3083],[-1],[-1]
474.58333333333337,[3084 3085 3086],[3084 3085 3086],[-1],[-1]
475.0,[3087 3088 3089],[3087 3088 3089],[-1],[-1]
475.41666666666669,[3090 3091],[3090 3091],[-1],[-1]
475.83333333333337,[3092 3093 3094],[3092 3093 3094],[-1],[-1]
476.25,[3095 3096 3097],[3095 3096 3097],[-1],[-1]
476.66666666666669,[3098 3099],[3098 3099],[-1],[-1]
477.08333333333337,[3101 3102],[3101 3102],[-1],[-1]
477.5,[3103 3104 3105],[3103 3104 3105],[-1],[-1]
477.91666666666669,[3106 3107],[3106 3107],[-1],[-1]
478.33333333333337,[3109 3110],[3109 3110],[-1],[-1]
478.75,[3111 3112 3113],[3111 3112 3113],[-1],[-1]
479.16666666666669,[3114 3115 3116],[3114 3115 3116],[-1],[-1]
479.58333333333337,[3117 3118],[3117 3118],[-1],[-1]
480.0,[3120 3121],[3120 3121],[-1],[-1]
480.41666666666669,[3122 3123 3124],[3122 3123 3124],[-1],[-1]
480.83333333333337,[3125 3126],[3125 3126],[-1],[-1]
481.25,[3128 3129],[3128 3129],[-1],[-1]
481.66666666666669,[3130 3131 3132],[3130 3131 3132],[-1],[-1]
482.08333333333337,[3133 3134 3135],[3133 3134 3135],[-1],[-1]
482.5,[3136 3137],[3136 3137],[-1],[-1]
482.91666666666669,[3138 3139 3140],[3138 3139 3140],[-1],[-1]
483.33333333333337,[3141 3142 3143],[3141 3142 3143],[-1],[-1]
483.75,[3144 3145],[3144 3145],[-1],[-1]
484.16666666666669,[3147 3148],[3147 3148],[-1],[-1]
484.58333333333337,[3149 3150 3151],[3149 3150 3151],[-1],[-1]
485.0,[3152 3153 3154],[3152 3153 3154],[-1],[-1]
485.41666666666669,[3155 3156],[3155 3156],[-1],[-1]
485.83333333333337,[3157 3158 3159],[3157 3158 3159],[-1],[-1]
486.25,[3160 3161 3162],[3160 3161 3162],[-1],[-1]
486.66666666666669,[3163 3164],[3163 3164],[-1],[-1]
487.08333333333337,[3166 3167],[3166 3167],[-1],[-1]
487.5,[3168 3169 3170],[3168 3169 3170],[-1],[-1]
487.91666666666669,[3171 3172],[3171 3172],[-1],[-1]
488.33333333333337,[3174 3175],[3174 3175],[-1],[-1]
488.75,[3176 3177 3178],[3176 3177 3178],[-1],[-1]
489.16666666666669,[3179 3180 3181],[3179 3180 3181],[-1],[-1]
489.58333333333337,[3182 3183],[3182 3183],[-1],[-1]
490.0,[3185 3186],[3185 3186],[-1],[-1]
490.41666666666669,[3187 3188 3189],[3187 3188 3189],[-1],[-1]
490.83333333333337,[3190 3191],[3190 3191],[-1],[-1]
491.25,[3193 3194],[3193 3194],[-1],[-1]
491.66666666666669,[3195 3196 3197],[3195 3196 3197],[-1],[-1]
492.08333333333337,[3198 3199 3200],[3198 3199 3200],[-1],[-1]
492.5,[3201 3202],[3201 3202],[-1],[-1]
492.91666666666669,[3203 3204 3205],[3203 3204 3205],[-1],[-1]
493.33333333333337,[3206 3207 3208],[3206 3207 3208],[-1],[-1]
493.75,[3209 3210],[3209 3210],[-1],[-1]
494.16666666666669,[3212 3213],[3212 3213],[-1],[-1]
494.58333333333337,[3214 3215 3216],[3214 3215 3216],[-1],[-1]
495.0,[3217 3218 3219],[3217 3218 3219],[-1],[-1]
495.41666666666669,[3220 3221],[3220 3221],[-1],[-1]
495.83333333333337,[3222 3223 3224],[3222 3223 3224],[-1],[-1]
496.25,[3225 3226 3227],[3225 3226 3227],[-1],[-1]
496.66666666666669,[3228 3229],[3228 3229],[-1],[-1]
497.08333333333337,[3231 3232],[3231 3232],[-1],[-1]
497.5,[3233 3234 3235],[3233 3234 3235],[-1],[-1]
497.91666666666669,[3236 3237],[3236 3237],[-1],[-1]
498.33333333333337,[3239 3240],[3239 3240],[-1],[-1]
498.75,[3241 3242 3243],[3241 3242 3243],[-1],[-1]
499.16666666666669,[3244 3245 3246],[3244 3245 3246],[-1],[-1]
499.58333333333337,[3247 3248],[3247 3248],[-1],[-1]
500.0,[3250 3251],[3250 3251],[-1],[-1]
500.41666666666669,[3252 3253 3254],[3252 3253 3254],[-1],[-1]
500.83333333333337,[3255 3256],[3255 3256],[-1],[-1]
501.25,[3258 3259],[3258 3259],[-1],[-1]
501.66666666666669,[3260 3261 3262],[3260 3261 3262],[-1],[-1]
502.08333333333337,[3263 3264 3265],[3263 3264 3265],[-1],[-1]
502.5,[3266 3267],[3266 3267],[-1],[-1]
502.91666666666669,[3268 3269 3270],[3268 3269 3270],[-1],[-1]
503.33333333333337,[3271 3272 3273],[3271 3272 3273],[-1],[-1]
503.75,[3274 3275],[3274 3275],[-1],[-1]
504.16666666666669,[3277 3278],[3277 3278],[-1],[-1]
504.58333333333337,[3279 3280 3281],[3279 3280 3281],[-1],[-1]
505.0,[3282 3283 3284],[3282 3283 3284],[-1],[-1]
505.41666666666669,[3285 3286],[3285 3286],[-1],[-1]
505.83333333333337,[3287 3288 3289],[3287 3288 3289],[-1],[-1]
506.25,[3290 3291 3292],[3290 3291 3292],[-1],[-1]
506.66666666666669,[3293 3294],[3293 3294],[-1],[-1]
507.08333333333337,[3296 3297],[3296 3297],[-1],[-1]
507.5,[3298 3299 3300],[3298 3299 3300],[-1],[-1]
507.91666666666669,[3301 3302],[3301 3302],[-1],[-1]
508.33333333333337,[3304 3305],[3304 3305],[-1],[-1]
508.75,[3306 3307 3308],[3306 3307 3308],[-1],[-1]
509.16666666666669,[3309 3310 3311],[3309 3310 3311],[-1],[-1]
509.58333333333337,[3312 3313],[3312 3313],[-1],[-1]
510.0,[3315 3316],[3315 3316],[-1],[-1]
510.41666666666669,[3317 3318 3319],[3317 3318 3319],[-1],[-1]
510.83333333333337,[3320 3321],[3320 3321],[-1],[-1]
511.25,[3323 3324],[3323 3324],[-1],[-1]
511.66666666666669,[3325 3326 3327],[3325 3326 3327],[-1],[-1]
512.08333333333337,[3328 3329 3330],[3328 3329 3330],[-1],[-1]
512.5,[3331 3332],[3331 3332],[-1],[-1]
512.91666666666674,[3333 3334 3335],[3333 3334 3335],[-1],[-1]
513.33333333333337,[3336 3337 3338],[3336 3337 3338],[-1],[-1]
513.75,[3339 3340],[3339 3340],[-1],[-1]
514.16666666666674,[3342 3343],[3342 3343],[-1],[-1]
514.58333333333337,[3344 3345 3346],[3344 3345 3346],[-1],[-1]
515.0,[3347 3348 3349],[3347 3348 3349],[-1],[-1]
515.41666666666674,[3350 3351],[3350 3351],[-1],[-1]
515.83333333333337,[3352 3353 3354],[3352 3353 3354],[-1],[-1]
516.25,[3355 3356 3357],[3355 3356 3357],[-1],[-1]
516.66666666666674,[3358 3359],[3358 3359],[-1],[-1]
517.08333333333337,[3361 3362],[3361 3362],[-1],[-1]
517.5,[3363 3364 3365],[3363 3364 3365],[-1],[-1]
517.91666666666674,[3366 3367],[3366 3367],[-1],[-1]
518.33333333333337,[3369 3370],[3369 3370],[-1],[-1]
518.75,[3371 3372 3373],[3371 3372 3373],[-1],[-1]
519.16666666666674,[3374 3375 3376],[3374 3375 3376],[-1],[-1]
519.58333333333337,[3377 3378],[3377 3378],[-1],[-1]
520.0,[3380 3381],[3380 3381],[-1],[-1]
520.41666666666674,[3382 3383 3384],[3382 3383 3384],[-1],[-1]
520.83333333333337,[3385 3386],[3385 3386],[-1],[-1]
521.25,[3388 3389],[3388 3389],[-1],[-1]
521.66666666666674,[3390 3391 3392],[3390 3391 3392],[-1],[-1]
522.08333333333337,[3393 3394 3395],[3393 3394 3395],[-1],[-1]
522.5,[3396 3397],[3396 3397],[-1],[-1]
522.91666666666674,[3398 3399 3400],[3398 3399 3400],[-1],[-1]
523.33333333333337,[3401 3402 3403],[3401 3402 3403],[-1],[-1]
523.75,[3404 3405],[3404 3405],[-1],[-1]
524.16666666666674,[3407 3408],[3407 3408],[-1],[-1]
524.58333333333337,[3409 3410 3411],[3409 3410 3411],[-1],[-1]
525.0,[3412 3413 3414],[3412 3413 3414],[-1],[-1]
525.41666666666674,[3415 3416],[3415 3416],[-1],[-1]
525.83333333333337,[3417 3418 3419],[3417 3418 3419],[-1],[-1]
526.25,[3420 3421 3422],[3420 3421 3422],[-1],[-1]
526.66666666666674,[3423 3424],[3423 3424],[-1],[-1]
527.08333333333337,[3426 3427],[3426 3427],[-1],[-1]
527.5,[3428 3429 3430],[3428 3429 3430],[-1],[-1]
527.91666666666674,[3431 3432],[3431 3432],[-1],[-1]
528.33333333333337,[3434 3435],[3434 3435],[-1],[-1]
528.75,[3436 3437 3438],[3436 3437 3438],[-1],[-1]
529.16666666666674,[3439 3440 3441],[3439 3440 3441],[-1],[-1]
529.58333333333337,[3442 3443],[3442 3443],[-1],[-1]
530.0,[3445 3446],[3445 3446],[-1],[-1]
530.41666666666674,[3447 3448 3449],[3447 3448 3449],[-1],[-1]
530.83333333333337,[3450 3451],[3450 3451],[-1],[-1]
531.25,[3453 3454],[3453 3454],[-1],[-1]
531.66666666666674,[3455 3456 3457],[3455 3456 3457],[-1],[-1]
532.08333333333337,[3458 3459 3460],[3458 3459 3460],[-1],[-1]
532.5,[3461 3462],[3461 3462],[-1],[-1]
532.91666666666674,[3463 3464 3465],[3463 3464 3465],[-1],[-1]
533.33333333333337,[3466 3467 3468],[3466 3467 3468],[-1],[-1]
533.75,[3469 3470],[3469 3470],[-1],[-1]
534.16666666666674,[3472 3473],[3472 3473],[-1],[-1]
534.58333333333337,[3474 3475 3476],[3474 3475 3476],[-1],[-1]
535.0,[3477 3478 3479],[3477 3478 3479],[-1],[-1]
535.41666666666674,[3480 3481],[3480 3481],[-1],[-1]
535.83333333333337,[3482 3483 3484],[3482 3483 3484],[-1],[-1]
536.25,[3485 3486 3487],[3485 3486 3487],[-1],[-1]
536.66666666666674,[3488 3489],[3488 3489],[-1],[-1]
537.08333333333337,[3491 3492],[3491 3492],[-1],[-1]
537.5,[3493 3494 3495],[3493 3494 3495],[-1],[-1]
537.91666666666674,[3496 3497],[3496 3497],[-1],[-1]
538.33333333333337,[3499 3500],[3499 3500],[-1],[-1]
538.75,[3501 3502 3503],[3501 3502 3503],[-1],[-1]
539.16666666666674,[3504 3505 3506],[3504 3505 3506],[-1],[-1]
539.58333333333337,[3507 3508],[3507 3508],[-1],[-1]
540.0,[3510 3511],[3510 3511],[-1],[-1]
540.41666666666674,[3512 3513 3514],[3512 3513 3514],[-1],[-1]
540.83333333333337,[3515 3516],[3515 3516],[-1],[-1]
541.25,[3518 3519],[3518 3519],[-1],[-1]
541.66666666666674,[3520 3521 3522],[3520 3521 3522],[-1],[-1]
542.08333333333337,[3523 3524 3525],[3523 3524 3525],[-1],[-1]
542.5,[3526 3527],[3526 3527],[-1],[-1]
542.91666666666674,[3528 3529 3530],[3528 3529 3530],[-1],[-1]
543.33333333333337,[3531 3532 3533],[3531 3532 3533],[-1],[-1]
543.75,[3534 3535],[3534 3535],[-1],[-1]
544.16666666666674,[3537 3538],[3537 3538],[-1],[-1]
544.58333333333337,[3539 3540 3541],[3539 3540 3541],[-1],[-1]
545.0,[3542 3543 3544],[3542 3543 3544],[-1],[-1]
545.41666666666674,[3545 3546],[3545 3546],[-1],[-1]
545.83333333333337,[3547 3548 3549],[3547 3548 3549],[-1],[-1]
546.25,[3550 3551 3552],[3550 3551 3552],[-1],[-1]
546.66666666666674,[3553 3554],[3553 3554],[-1],[-1]
547.08333333333337,[3556 3557],[3556 3557],[-1],[-1]
547.5,[3558 3559 3560],[3558 3559 3560],[-1],[-1]
547.91666666666674,[3561 3562],[3561 3562],[-1],[-1]
548.33333333333337,[3564 3565],[3564 3565],[-1],[-1]
548.75,[3566 3567 3568],[3566 3567 3568],[-1],[-1]
549.16666666666674,[3569 3570 3571],[3569 3570 3571],[-1],[-1]
549.58333333333337,[3572 3573],[3572 3573],[-1],[-1]
550.0,[3575 3576],[3575 3576],[-1],[-1]
550.41666666666674,[3577 3578 3579],[3577 3578 3579],[-1],[-1]
550.83333333333337,[3580 3581],[3580 3581],[-1],[-1]
551.25,[3583 3584],[3583 3584],[-1],[-1]
551.66666666666674,[3585 3586 3587],[3585 3586 3587],[-1],[-1]
552.08333333333337,[3588 3589 3590],[3588 3589 3590],[-1],[-1]
552.5,[3591 3592],[3591 3592],[-1],[-1]
552.91666666666674,[3593 3594 3595],[3593 3594 3595],[-1],[-1]
553.33333333333337,[3596 3597 3598],[3596 3597 3598],[-1],[-1]
553.75,[3599 3600],[3599 3600],[-1],[-1]
554.16666666666674,[3602 3603],[3602 3603],[-1],[-1]
554.58333333333337,[3604 3605 3606],[3604 3605 3606],[-1],[-1]
555.0,[3607 3608 3609],[3607 3608 3609],[-1],[-1]
555.41666666666674,[3610 3611],[3610 3611],[-1],[-1]
555.83333333333337,[3612 3613 3614],[3612 3613 3614],[-1],[-1]
556.25,[3615 3616 3617],[3615 3616 3617],[-1],[-1]
556.66666666666674,[3618 3619],[3618 3619],[-1],[-1]
557.08333333333337,[3621 3622],[3621 3622],[-1],[-1]
557.5,[3623 3624 3625],[3623 3624 3625],[-1],[-1]
557.91666666666674,[3626 3627],[3626 3627],[-1],[-1]
558.33333333333337,[3629 3630],[3629 3630],[-1],[-1]
558.75,[3631 3632 3633],[3631 3632 3633],[-1],[-1]
559.16666666666674,[3634 3635 3636],[3634 3635 3636],[-1],[-1]
559.58333333333337,[3637 3638],[3637 3638],[-1],[-1]
560.0,[3640 3641],[3640 3641],[-1],[-1]
560.41666666666674,[3642 3643 3644],[3642 3643 3644],[-1],[-1]
560.83333333333337,[3645 3646],[3645 3646],[-1],[-1]
561.25,[3648 3649],[3648 3649],[-1],[-1]
561.66666666666674,[3650 3651 3652],[3650 3651 3652],[-1],[-1]
562.08333333333337,[3653 3654 3655],[3653 3654 3655],[-1],[-1]
562.5,[3656 3657],[3656 3657],[-1],[-1]
562.91666666666674,[3658 3659 3660],[3658 3659 3660],[-1],[-1]
563.33333333333337,[3661 3662 3663],[3661 3662 3663],[-1],[-1]
563.75,[3664 3665],[3664 3665],[-1],[-1]
564.16666666666674,[3667 3668],[3667 3668],[-1],[-1]
564.58333333333337,[3669 3670 3671],[3669 3670 3671],[-1],[-1]
565.0,[3672 3673 3674],[3672 3673 3674],[-1],[-1]
565.41666666666674,[3675 3676],[3675 3676],[-1],[-1]
565.83333333333337,[3677 3678 3679],[3677 3678 3679],[-1],[-1]
566.25,[3680 3681 3682],[3680 3681 3682],[-1],[-1]
566.66666666666674,[3683 3684],[3683 3684],[-1],[-1]
567.08333333333337,[3686 3687],[3686 3687],[-1],[-1]
567.5,[3688 3689 3690],[3688 3689 3690],[-1],[-1]
567.91666666666674,[3691 3692],[3691 3692],[-1],[-1]
568.33333333333337,[3694 3695],[3694 3695],[-1],[-1]
568.75,[3696 3697 3698],[3696 3697 3698],[-1],[-1]
569.16666666666674,[3699 3700 3701],[3699 3700 3701],[-1],[-1]
569.58333333333337,[3702 3703],[3702 3703],[-1],[-1]
570.0,[3705 3706],[3705 3706],[-1],[-1]
570.41666666666674,[3707 3708 3709],[3707 3708 3709],[-1],[-1]
570.83333333333337,[3710 3711],[3710 3711],[-1],[-1]
571.25,[3713 3714],[3713 3714],[-1],[-1]
571.66666666666674,[3715 3716 3717],[3715 3716 3717],[-1],[-1]
572.08333333333337,[3718 3719 3720],[3718 3719 3720],[-1],[-1]
572.5,[3721 3722],[3721 3722],[-1],[-1]
572.91666666666674,[3723 3724 3725],[3723 3724 3725],[-1],[-1]
573.33333333333337,[3726 3727 3728],[3726 3727 3728],[-1],[-1]
573.75,[3729 3730],[3729 3730],[-1],[-1]
574.16666666666674,[3732 3733],[3732 3733],[-1],[-1]
574.58333333333337,[3734 3735 3736],[3734 3735 3736],[-1],[-1]
575.0,[3737 3738 3739],[3737 3738 3739],[-1],[-1]
575.41666666666674,[3740 3741],[3740 3741],[-1],[-1]
575.83333333333337,[3742 3743 3744],[3742 3743 3744],[-1],[-1]
576.25,[3745 3746 3747],[3745 3746 3747],[-1],[-1]
576.66666666666674,[3748 3749],[3748 3749],[-1],[-1]
577.08333333333337,[3751 3752],[3751 3752],[-1],[-1]
577.5,[3753 3754 3755],[3753 3754 3755],[-1],[-1]
577.91666666666674,[3756 3757],[3756 3757],[-1],[-1]
578.33333333333337,[3759 3760],[3759 3760],[-1],[-1]
578.75,[3761 3762 3763],[3761 3762 3763],[-1],[-1]
579.16666666666674,[3764 3765 3766],[3764 3765 3766],[-1],[-1]
579.58333333333337,[3767 3768],[3767 3768],[-1],[-1]
580.0,[3770 3771],[3770 3771],[-1],[-1]
580.41666666666674,[3772 3773 3774],[3772 3773 3774],[-1],[-1]
580.83333333333337,[3775 3776],[3775 3776],[-1],[-1]
581.25,[3778 3779],[3778 3779],[-1],[-1]
581.66666666666674,[3780 3781 3782],[3780 3781 3782],[-1],[-1]
582.08333333333337,[3783 3784 3785],[3783 3784 3785],[-1],[-1]
582.5,[3786 3787],[3786 3787],[-1],[-1]
582.91666666666674,[3788 3789 3790],[3788 3789 3790],[-1],[-1]
583.33333333333337,[3791 3792 3793],[3791 3792 3793],[-1],[-1]
583.75,[3794 3795],[3794 3795],[-1],[-1]
584.16666666666674,[3797 3798],[3797 3798],[-1],[-1]
584.58333333333337,[3799 3800 3801],[3799 3800 3801],[-1],[-1]
585.0,[3802 3803 3804],[3802 3803 3804],[-1],[-1]
585.41666666666674,[3805 3806],[3805 3806],[-1],[-1]
585.83333333333337,[3807 3808 3809],[3807 3808 3809],[-1],[-1]
586.25,[3810 3811 3812],[3810 3811 3812],[-1],[-1]
586.66666666666674,[3813 3814],[3813 3814],[-1],[-1]
587.08333333333337,[3816 3817],[3816 3817],[-1],[-1]
587.5,[3818 3819 3820],[3818 3819 3820],[-1],[-1]
587.91666666666674,[3821 3822],[3821 3822],[-1],[-1]
588.33333333333337,[3824 3825],[3824 3825],[-1],[-1]
588.75,[3826 3827 3828],[3826 3827 3828],[-1],[-1]
589.16666666666674,[3829 3830 3831],[3829 3830 3831],[-1],[-1]
589.58333333333337,[3832 3833],[3832 3833],[-1],[-1]
590.0,[3835 3836],[3835 3836],[-1],[-1]
590.41666666666674,[3837 3838 3839],[3837 3838 3839],[-1],[-1]
590.83333333333337,[3840 3841],[3840 3841],[-1],[-1]
591.25,[3843 3844],[3843 3844],[-1],[-1]
591.66666666666674,[3845 3846 3847],[3845 3846 3847],[-1],[-1]
592.08333333333337,[3848 3849 3850],[3848 3849 3850],[-1],[-1]
592.5,[3851 3852],[3851 3852],[-1],[-1]
592.91666666666674,[3853 3854 3855],[3853 3854 3855],[-1],[-1]
593.33333333333337,[3856 3857 3858],[3856 3857 3858],[-1],[-1]
593.75,[3859 3860],[3859 3860],[-1],[-1]
594.16666666666674,[3862 3863],[3862 3863],[-1],[-1]
594.58333333333337,[3864 3865 3866],[3864 3865 3866],[-1],[-1]
595.0,[3867 3868 3869],[3867 3868 3869],[-1],[-1]
595.41666666666674,[3870 3871],[3870 3871],[-1],[-1]
595.83333333333337,[3872 3873 3874],[3872 3873 3874],[-1],[-1]
596.25,[3875 3876 3877],[3875 3876 3877],[-1],[-1]
596.66666666666674,[3878 3879],[3878 3879],[-1],[-1]
597.08333333333337,[3881 3882],[3881 3882],[-1],[-1]
597.5,[3883 3884 3885],[3883 3884 3885],[-1],[-1]
597.91666666666674,[3886 3887],[3886 3887],[-1],[-1]
598.33333333333337,[3889 3890],[3889 3890],[-1],[-1]
598.75,[3891 3892 3893],[3891 3892 3893],[-1],[-1]
599.16666666666674,[3894 3895 3896],[3894 3895 3896],[-1],[-1]
599.58333333333337,[3897 3898],[3897 3898],[-1],[-1]
600.0,[3900 3901],[3900 3901],[-1],[-1]
600.41666666666674,[3902 3903 3904],[3902 3903 3904],[-1],[-1]
600.83333333333337,[3905 3906],[3905 3906],[-1],[-1]
601.25,[3908 3909],[3908 3909],[-1],[-1]
601.66666666666674,[3910 3911 3912],[3910 3911 3912],[-1],[-1]
602.08333333333337,[3913 3914 3915],[3913 3914 3915],[-1],[-1]
602.5,[3916 3917],[3916 3917],[-1],[-1]
602.91666666666674,[3918 3919 3920],[3918 3919 3920],[-1],[-1]
603.33333333333337,[3921 3922 3923],[3921 3922 3923],[-1],[-1]
603.75,[3924 3925],[3924 3925],[-1],[-1]
604.16666666666674,[3927 3928],[3927 3928],[-1],[-1]
604.58333333333337,[3929 3930 3931],[3929 3930 3931],[-1],[-1]
605.0,[3932 3933 3934],[3932 3933 3934],[-1],[-1]
605.41666666666674,[3935 3936],[3935 3936],[-1],[-1]
605.83333333333337,[3937 3938 3939],[3937 3938 3939],[-1],[-1]
606.25,[3940 3941 3942],[3940 3941 3942],[-1],[-1]
606.66666666666674,[3943 3944],[3943 3944],[-1],[-1]
607.08333333333337,[3946 3947],[3946 3947],[-1],[-1]
607.5,[3948 3949 3950],[3948 3949 3950],[-1],[-1]
607.91666666666674,[3951 3952],[3951 3952],[-1],[-1]
608.33333333333337,[3954 3955],[3954 3955],[-1],[-1]
608.75,[3956 3957 3958],[3956 3957 3958],[-1],[-1]
609.16666666666674,[3959 3960 3961],[3959 3960 3961],[-1],[-1]
609.58333333333337,[3962 3963],[3962 3963],[-1],[-1]
610.0,[3965 3966],[3965 3966],[-1],[-1]
610.41666666666674,[3967 3968 3969],[3967 3968 3969],[-1],[-1]
610.83333333333337,[3970 3971],[3970 3971],[-1],[-1]
611.25,[3973 3974],[3973 3974],[-1],[-1]
611.66666666666674,[3975 3976 3977],[3975 3976 3977],[-1],[-1]
612.08333333333337,[3978 3979 3980],[3978 3979 3980],[-1],[-1]
612.5,[3981 3982],[3981 3982],[-1],[-1]
612.91666666666674,[3983 3984 3985],[3983 3984 3985],[-1],[-1]
613.33333333333337,[3986 3987 3988],[3986 3987 3988],[-1],[-1]
613.75,[3989 3990],[3989 3990],[-1],[-1]
614.16666666666674,[3992 3993],[3992 3993],[-1],[-1]
614.58333333333337,[3994 3995 3996],[3994 3995 3996],[-1],[-1]
615.0,[3997 3998 3999],[3997 3998 3999],[-1],[-1]
615.41666666666674,[4000 4001],[4000 4001],[-1],[-1]
615.83333333333337,[4002 4003 4004],[4002 4003 4004],[-1],[-1]
616.25,[4005 4006 4007],[4005 4006 4007],[-1],[-1]
616.66666666666674,[4008 4009],[4008 4009],[-1],[-1]
617.08333333333337,[4011 4012],[4011 4012],[-1],[-1]
617.5,[4013 4014 4015],[4013 4014 4015],[-1],[-1]
617.91666666666674,[4016 4017],[4016 4017],[-1],[-1]
618.33333333333337,[4019 4020],[4019 4020],[-1],[-1]
618.75,[4021 4022 4023],[4021 4022 4023],[-1],[-1]
619.16666666666674,[4024 4025 4026],[4024 4025 4026],[-1],[-1]
619.58333333333337,[4027 4028],[4027 4028],[-1],[-1]
620.0,[4030 4031],[4030 4031],[-1],[-1]
620.41666666666674,[4032 4033 4034],[4032 4033 4034],[-1],[-1]
620.83333333333337,[4035 4036],[4035 4036],[-1],[-1]
621.25,[4038 4039],[4038 4039],[-1],[-1]
621.66666666666674,[4040 4041 4042],[4040 4041 4042],[-1],[-1]
622.08333333333337,[4043 4044 4045],[4043 4044 4045],[-1],[-1]
622.5,[4046 4047],[4046 4047],[-1],[-1]
622.91666666666674,[4048 4049 4050],[4048 4049 4050],[-1],[-1]
623.33333333333337,[4051 4052 4053],[4051 4052 4053],[-1],[-1]
623.75,[4054 4055],[4054 4055],[-1],[-1]
624.16666666666674,[4057 4058],[4057 4058],[-1],[-1]
624.58333333333337,[4059 4060 4061],[4059 4060 4061],[-1],[-1]
625.0,[4062 4063 4064],[4062 4063 4064],[-1],[-1]
625.41666666666674,[4065 4066],[4065 4066],[-1],[-1]
625.83333333333337,[4067 4068 4069],[4067 4068 4069],[-1],[-1]
626.25,[4070 4071 4072],[4070 4071 4072],[-1],[-1]
626.66666666666674,[4073 4074],[4073 4074],[-1],[-1]
627.08333333333337,[4076 4077],[4076 4077],[-1],[-1]
627.5,[4078 4079 4080],[4078 4079 4080],[-1],[-1]
627.91666666666674,[4081 4082],[4081 4082],[-1],[-1]
628.33333333333337,[4084 4085],[4084 4085],[-1],[-1]
628.75,[4086 4087 4088],[4086 4087 4088],[-1],[-1]
629.16666666666674,[4089 4090 4091],[4089 4090 4091],[-1],[-1]
629.58333333333337,[4092 4093],[4092 4093],[-1],[-1]
630.0,[4095 4096],[4095 4096],[-1],[-1]
630.41666666666674,[4097 4098 4099],[4097 4098 4099],[-1],[-1]
630.83333333333337,[4100 4101],[4100 4101],[-1],[-1]
631.25,[4103 4104],[4103 4104],[-1],[-1]
631.66666666666674,[4105 4106 4107],[4105 4106 4107],[-1],[-1]
632.08333333333337,[4108 4109 4110],[4108 4109 4110],[-1],[-1]
632.5,[4111 4112],[4111 4112],[-1],[-1]
632.91666666666674,[4113 4114 4115],[4113 4114 4115],[-1],[-1]
633.33333333333337,[4116 4117 4118],[4116 4117 4118],[-1],[-1]
633.75,[4119 4120],[4119 4120],[-1],[-1]
634.16666666666674,[4122 4123],[4122 4123],[-1],[-1]
634.58333333333337,[4124 4125 4126],[4124 4125 4126],[-1],[-1]
635.0,[4127 4128 4129],[4127 4128 4129],[-1],[-1]
635.41666666666674,[4130 4131],[4130 4131],[-1],[-1]
635.83333333333337,[4132 4133 4134],[4132 4133 4134],[-1],[-1]
636.25,[4135 4136 4137],[4135 4136 4137],[-1],[-1]
636.66666666666674,[4138 4139],[4138 4139],[-1],[-1]
637.08333333333337,[4141 4142],[4141 4142],[-1],[-1]
637.5,[4143 4144 4145],[4143 4144 4145],[-1],[-1]
637.91666666666674,[4146 4147],[4146 4147],[-1],[-1]
638.33333333333337,[4149 4150],[4149 4150],[-1],[-1]
638.75,[4151 4152 4153],[4151 4152 4153],[-1],[-1]
639.16666666666674,[4154 4155 4156],[4154 4155 4156],[-1],[-1]
639.58333333333337,[4157 4158],[4157 4158],[-1],[-1]
640.0,[4160 4161],[4160 4161],[-1],[-1]
640.41666666666674,[4162 4163 4164],[4162 4163 4164],[-1],[-1]
640.83333333333337,[4165 4166],[4165 4166],[-1],[-1]
641.25,[4168 4169],[4168 4169],[-1],[-1]
641.66666666666674,[4170 4171 4172],[4170 4171 4172],[-1],[-1]
642.08333333333337,[4173 4174 4175],[4173 4174 4175],[-1],[-1]
642.5,[4176 4177],[4176 4177],[-1],[-1]
642.91666666666674,[4178 4179 4180],[4178 4179 4180],[-1],[-1]
643.33333333333337,[4181 4182 4183],[4181 4182 4183],[-1],[-1]
643.75,[4184 4185],[4184 4185],[-1],[-1]
644.16666666666674,[4187 4188],[4187 4188],[-1],[-1]
644.58333333333337,[4189 4190 4191],[4189 4190 4191],[-1],[-1]
645.0,[4192 4193 4194],[4192 4193 4194],[-1],[-1]
645.41666666666674,[4195 4196],[4195 4196],[-1],[-1]
645.83333333333337,[4197 4198 4199],[4197 4198 4199],[-1],[-1]
646.25,[4200 4201 4202],[4200 4201 4202],[-1],[-1]
646.66666666666674,[4203 4204],[4203 4204],[-1],[-1]
647.08333333333337,[4206 4207],[4206 4207],[-1],[-1]
647.5,[4208 4209 4210],[4208 4209 4210],[-1],[-1]
647.91666666666674,[4211 4212],[4211 4212],[-1],[-1]
648.33333333333337,[4214 4215],[4214 4215],[-1],[-1]
648.75,[4216 4217 4218],[4216 4217 4218],[-1],[-1]
649.16666666666674,[4219 4220 4221],[4219 4220 4221],[-1],[-1]
649.58333333333337,[4222 4223],[4222 4223],[-1],[-1]
650.0,[4225 4226],[4225 4226],[-1],[-1]
650.41666666666674,[4227 4228 4229],[4227 4228 4229],[-1],[-1]
650.83333333333337,[4230 4231],[4230 4231],[-1],[-1]
651.25,[4233 4234],[4233 4234],[-1],[-1]
651.66666666666674,[4235 4236 4237],[4235 4236 4237],[-1],[-1]
652.08333333333337,[4238 4239 4240],[4238 4239 4240],[-1],[-1]
652.5,[4241 4242],[4241 4242],[-1],[-1]
652.91666666666674,[4243 4244 4245],[4243 4244 4245],[-1],[-1]
653.33333333333337,[4246 4247 4248],[4246 4247 4248],[-1],[-1]
653.75,[4249 4250],[4249 4250],[-1],[-1]
654.16666666666674,[4252 4253],[4252 4253],[-1],[-1]
654.58333333333337,[4254 4255 4256],[4254 4255 4256],[-1],[-1]
655.0,[4257 4258 4259],[4257 4258 4259],[-1],[-1]
655.41666666666674,[4260 4261],[4260 4261],[-1],[-1]
655.83333333333337,[4262 4263 4264],[4262 4263 4264],[-1],[-1]
656.25,[4265 4266 4267],[4265 4266 4267],[-1],[-1]
656.66666666666674,[4268 4269],[4268 4269],[-1],[-1]
657.08333333333337,[4271 4272],[4271 4272],[-1],[-1]
657.5,[4273 4274 4275],[4273 4274 4275],[-1],[-1]
657.91666666666674,[4276 4277],[4276 4277],[-1],[-1]
658.33333333333337,[4279 4280],[4279 4280],[-1],[-1]
658.75,[4281 4282 4283],[4281 4282 4283],[-1],[-1]
659.16666666666674,[4284 4285 4286],[4284 4285 4286],[-1],[-1]
659.58333333333337,[4287 4288],[4287 4288],[-1],[-1]
660.0,[4290 4291],[4290 4291],[-1],[-1]
660.41666666666674,[4292 4293 4294],[4292 4293 4294],[-1],[-1]
660.83333333333337,[4295 4296],[4295 4296],[-1],[-1]
661.25,[4298 4299],[4298 4299],[-1],[-1]
661.66666666666674,[4300 4301 4302],[4300 4301 4302],[-1],[-1]
662.08333333333337,[4303 4304 4305],[4303 4304 4305],[-1],[-1]
662.5,[4306 4307],[4306 4307],[-1],[-1]
662.91666666666674,[4308 4309 4310],[4308 4309 4310],[-1],[-1]
663.33333333333337,[4311 4312 4313],[4311 4312 4313],[-1],[-1]
663.75,[4314 4315],[4314 4315],[-1],[-1]
664.16666666666674,[4317 4318],[4317 4318],[-1],[-1]
664.58333333333337,[4319 4320 4321],[4319 4320 4321],[-1],[-1]
665.0,[4322 4323 4324],[4322 4323 4324],[-1],[-1]
665.41666666666674,[4325 4326],[4325 4326],[-1],[-1]
665.83333333333337,[4327 4328 4329],[4327 4328 4329],[-1],[-1]
666.25,[4330 4331 4332],[4330 4331 4332],[-1],[-1]
666.66666666666674,[4333 4334],[4333 4334],[-1],[-1]
667.08333333333337,[4336 4337],[4336 4337],[-1],[-1]
667.5,[4338 4339 4340],[4338 4339 4340],[-1],[-1]
667.91666666666674,[4341 4342],[4341 4342],[-1],[-1]
668.33333333333337,[4344 4345],[4344 4345],[-1],[-1]
668.75,[4346 4347 4348],[4346 4347 4348],[-1],[-1]
669.16666666666674,[4349 4350 4351],[4349 4350 4351],[-1],[-1]
669.58333333333337,[4352 4353],[4352 4353],[-1],[-1]
670.0,[4355 4356],[4355 4356],[-1],[-1]
670.41666666666674,[4357 4358 4359],[4357 4358 4359],[-1],[-1]
670.83333333333337,[4360 4361],[4360 4361],[-1],[-1]
671.25,[4363 4364],[4363 4364],[-1],[-1]
671.66666666666674,[4365 4366 4367],[4365 4366 4367],[-1],[-1]
672.08333333333337,[4368 4369 4370],[4368 4369 4370],[-1],[-1]
672.5,[4371 4372],[4371 4372],[-1],[-1]
672.91666666666674,[4373 4374 4375],[4373 4374 4375],[-1],[-1]
673.33333333333337,[4376 4377 4378],[4376 4377 4378],[-1],[-1]
673.75,[4379 4380],[4379 4380],[-1],[-1]
674.16666666666674,[4382 4383],[4382 4383],[-1],[-1]
674.58333333333337,[4384 4385 4386],[4384 4385 4386],[-1],[-1]
675.0,[4387 4388 4389],[4387 4388 4389],[-1],[-1]
675.41666666666674,[4390 4391],[4390 4391],[-1],[-1]
675.83333333333337,[4392 4393 4394],[4392 4393 4394],[-1],[-1]
676.25,[4395 4396 4397],[4395 4396 4397],[-1],[-1]
676.66666666666674,[4398 4399],[4398 4399],[-1],[-1]
677.08333333333337,[4401 4402],[4401 4402],[-1],[-1]
677.5,[4403 4404 4405],[4403 4404 4405],[-1],[-1]
677.91666666666674,[4406 4407],[4406 4407],[-1],[-1]
678.33333333333337,[4409 4410],[4409 4410],[-1],[-1]
678.75,[4411 4412 4413],[4411 4412 4413],[-1],[-1]
679.16666666666674,[4414 4415 4416],[4414 4415 4416],[-1],[-1]
679.58333333333337,[4417 4418],[4417 4418],[-1],[-1]
680.0,[4420 4421],[4420 4421],[-1],[-1]
680.41666666666674,[4422 4423 4424],[4422 4423 4424],[-1],[-1]
680.83333333333337,[4425 4426],[4425 4426],[-1],[-1]
681.25,[4428 4429],[4428 4429],[-1],[-1]
681.66666666666674,[4430 4431 4432],[4430 4431 4432],[-1],[-1]
682.08333333333337,[4433 4434 4435],[4433 4434 4435],[-1],[-1]
682.5,[4436 4437],[4436 4437],[-1],[-1]
682.91666666666674,[4438 4439 4440],[4438 4439 4440],[-1],[-1]
683.33333333333337,[4441 4442 4443],[4441 4442 4443],[-1],[-1]
683.75,[4444 4445],[4444 4445],[-1],[-1]
684.16666666666674,[4447 4448],[4447 4448],[-1],[-1]
684.58333333333337,[4449 4450 4451],[4449 4450 4451],[-1],[-1]
685.0,[4452 4453 4454],[4452 4453 4454],[-1],[-1]
685.41666666666674,[4455 4456],[4455 4456],[-1],[-1]
685.83333333333337,[4457 4458 4459],[4457 4458 4459],[-1],[-1]
686.25,[4460 4461 4462],[4460 4461 4462],[-1],[-1]
686.66666666666674,[4463 4464],[4463 4464],[-1],[-1]
687.08333333333337,[4466 4467],[4466 4467],[-1],[-1]
687.5,[4468 4469 4470],[4468 4469 4470],[-1],[-1]
687.91666666666674,[4471 4472],[4471 4472],[-1],[-1]
688.33333333333337,[4474 4475],[4474 4475],[-1],[-1]
688.75,[4476 4477 4478],[4476 4477 4478],[-1],[-1]
689.16666666666674,[4479 4480 4481],[4479 4480 4481],[-1],[-1]
689.58333333333337,[4482 4483],[4482 4483],[-1],[-1]
690.0,[4485 4486],[4485 4486],[-1],[-1]
690.41666666666674,[4487 4488 4489],[4487 4488 4489],[-1],[-1]
690.83333333333337,[4490 4491],[4490 4491],[-1],[-1]
691.25,[4493 4494],[4493 4494],[-1],[-1]
691.66666666666674,[4495 4496 4497],[4495 4496 4497],[-1],[-1]
692.08333333333337,[4498 4499 4500],[4498 4499 4500],[-1],[-1]
692.5,[4501 4502],[4501 4502],[-1],[-1]
692.91666666666674,[4503 4504 4505],[4503 4504 4505],[-1],[-1]
693.33333333333337,[4506 4507 4508],[4506 4507 4508],[-1],[-1]
693.75,[4509 4510],[4509 4510],[-1],[-1]
694.16666666666674,[4512 4513],[4512 4513],[-1],[-1]
694.58333333333337,[4514 4515 4516],[4514 4515 4516],[-1],[-1]
695.0,[4517 4518 4519],[4517 4518 4519],[-1],[-1]
695.41666666666674,[4520 4521],[4520 4521],[-1],[-1]
695.83333333333337,[4522 4523 4524],[4522 4523 4524],[-1],[-1]
696.25,[4525 4526 4527],[4525 4526 4527],[-1],[-1]
696.66666666666674,[4528 4529],[4528 4529],[-1],[-1]
697.08333333333337,[4531 4532],[4531 4532],[-1],[-1]
697.5,[4533 4534 4535],[4533 4534 4535],[-1],[-1]
697.91666666666674,[4536 4537],[4536 4537],[-1],[-1]
698.33333333333337,[4539 4540],[4539 4540],[-1],[-1]
698.75,[4541 4542 4543],[4541 4542 4543],[-1],[-1]
699.16666666666674,[4544 4545 4546],[4544 4545 4546],[-1],[-1]
699.58333333333337,[4547 4548],[4547 4548],[-1],[-1]
700.0,[4550 4551],[4550 4551],[-1],[-1]
700.41666666666674,[4552 4553 4554],[4552 4553 4554],[-1],[-1]
700.83333333333337,[4555 4556],[4555 4556],[-1],[-1]
701.25,[4558 4559],[4558 4559],[-1],[-1]
701.66666666666674,[4560 4561 4562],[4560 4561 4562],[-1],[-1]
702.08333333333337,[4563 4564 4565],[4563 4564 4565],[-1],[-1]
702.5,[4566 4567],[4566 4567],[-1],[-1]
702.91666666666674,[4568 4569 4570],[4568 4569 4570],[-1],[-1]
703.33333333333337,[4571 4572 4573],[4571 4572 4573],[-1],[-1]
703.75,[4574 4575],[4574 4575],[-1],[-1]
704.16666666666674,[4577 4578],[4577 4578],[-1],[-1]
704.58333333333337,[4579 4580 4581],[4579 4580 4581],[-1],[-1]
705.0,[4582 4583 4584],[4582 4583 4584],[-1],[-1]
705.41666666666674,[4585 4586],[4585 4586],[-1],[-1]
705.83333333333337,[4587 4588 4589],[4587 4588 4589],[-1],[-1]
706.25,[4590 4591 4592],[4590 4591 4592],[-1],[-1]
706.66666666666674,[4593 4594],[4593 4594],[-1],[-1]
707.08333333333337,[4596 4597],[4596 4597],[-1],[-1]
707.5,[4598 4599 4600],[4598 4599 4600],[-1],[-1]
707.91666666666674,[4601 4602],[4601 4602],[-1],[-1]
708.33333333333337,[4604 4605],[4604 4605],[-1],[-1]
708.75,[4606 4607 4608],[4606 4607 4608],[-1],[-1]
709.16666666666674,[4609 4610 4611],[4609 4610 4611],[-1],[-1]
709.58333333333337,[4612 4613],[4612 4613],[-1],[-1]
710.0,[4615 4616],[4615 4616],[-1],[-1]
710.41666666666674,[4617 4618 4619],[4617 4618 4619],[-1],[-1]
710.83333333333337,[4620 4621],[4620 4621],[-1],[-1]
711.25,[4623 4624],[4623 4624],[-1],[-1]
711.66666666666674,[4625 4626 4627],[4625 4626 4627],[-1],[-1]
712.08333333333337,[4628 4629 4630],[4628 4629 4630],[-1],[-1]
712.5,[4631 4632],[4631 4632],[-1],[-1]
712.91666666666674,[4633 4634 4635],[4633 4634 4635],[-1],[-1]
713.33333333333337,[4636 4637 4638],[4636 4637 4638],[-1],[-1]
713.75,[4639 4640],[4639 4640],[-1],[-1]
714.16666666666674,[4642 4643],[4642 4643],[-1],[-1]
714.58333333333337,[4644 4645 4646],[4644 4645 4646],[-1],[-1]
715.0,[4647 4648 4649],[4647 4648 4649],[-1],[-1]
715.41666666666674,[4650 4651],[4650 4651],[-1],[-1]
715.83333333333337,[4652 4653 4654],[4652 4653 4654],[-1],[-1]
716.25,[4655 4656 4657],[4655 4656 4657],[-1],[-1]
716.66666666666674,[4658 4659],[4658 4659],[-1],[-1]
717.08333333333337,[4661 4662],[4661 4662],[-1],[-1]
717.5,[4663 4664 4665],[4663 4664 4665],[-1],[-1]
717.91666666666674,[4666 4667],[4666 4667],[-1],[-1]
718.33333333333337,[4669 4670],[4669 4670],[-1],[-1]
718.75,[4671 4672 4673],[4671 4672 4673],[-1],[-1]
719.16666666666674,[4674 4675 4676],[4674 4675 4676],[-1],[-1]
719.58333333333337,[4677 4678],[4677 4678],[-1],[-1]
720.0,[4680 4681],[4680 4681],[-1],[-1]
720.41666666666674,[4682 4683 4684],[4682 4683 4684],[-1],[-1]
720.83333333333337,[4685 4686],[4685 4686],[-1],[-1]
721.25,[4688 4689],[4688 4689],[-1],[-1]
721.66666666666674,[4690 4691 4692],[4690 4691 4692],[-1],[-1]
722.08333333333337,[4693 4694 4695],[4693 4694 4695],[-1],[-1]
722.5,[4696 4697],[4696 4697],[-1],[-1]
722.91666666666674,[4698 4699 4700],[4698 4699 4700],[-1],[-1]
723.33333333333337,[4701 4702 4703],[4701 4702 4703],[-1],[-1]
723.75,[4704 4705],[4704 4705],[-1],[-1]
724.16666666666674,[4707 4708],[4707 4708],[-1],[-1]
724.58333333333337,[4709 4710 4711],[4709 4710 4711],[-1],[-1]
725.0,[4712 4713 4714],[4712 4713 4714],[-1],[-1]
725.41666666666674,[4715 4716],[4715 4716],[-1],[-1]
725.83333333333337,[4717 4718 4719],[4717 4718 4719],[-1],[-1]
726.25,[4720 4721 4722],[4720 4721 4722],[-1],[-1]
726.66666666666674,[4723 4724],[4723 4724],[-1],[-1]
727.08333333333337,[4726 4727],[4726 4727],[-1],[-1]
727.5,[4728 4729 4730],[4728 4729 4730],[-1],[-1]
727.91666666666674,[4731 4732],[4731 4732],[-1],[-1]
728.33333333333337,[4734 4735],[4734 4735],[-1],[-1]
728.75,[4736 4737 4738],[4736 4737 4738],[-1],[-1]
729.16666666666674,[4739 4740 4741],[4739 4740 4741],[-1],[-1]
729.58333333333337,[4742 4743],[4742 4743],[-1],[-1]
730.0,[4745 4746],[4745 4746],[-1],[-1]
730.41666666666674,[4747 4748 4749],[4747 4748 4749],[-1],[-1]
730.83333333333337,[4750 4751],[4750 4751],[-1],[-1]
731.25,[4753 4754],[4753 4754],[-1],[-1]
731.66666666666674,[4755 4756 4757],[4755 4756 4757],[-1],[-1]
732.08333333333337,[4758 4759 4760],[4758 4759 4760],[-1],[-1]
732.5,[4761 4762],[4761 4762],[-1],[-1]
732.91666666666674,[4763 4764 4765],[4763 4764 4765],[-1],[-1]
733.33333333333337,[4766 4767 4768],[4766 4767 4768],[-1],[-1]
733.75,[4769 4770],[4769 4770],[-1],[-1]
734.16666666666674,[4772 4773],[4772 4773],[-1],[-1]
734.58333333333337,[4774 4775 4776],[4774 4775 4776],[-1],[-1]
735.0,[4777 4778 4779],[4777 4778 4779],[-1],[-1]
735.41666666666674,[4780 4781],[4780 4781],[-1],[-1]
735.83333333333337,[4782 4783 4784],[4782 4783 4784],[-1],[-1]
736.25,[4785 4786 4787],[4785 4786 4787],[-1],[-1]
736.66666666666674,[4788 4789],[4788 4789],[-1],[-1]
737.08333333333337,[4791 4792],[4791 4792],[-1],[-1]
737.5,[4793 4794 4795],[4793 4794 4795],[-1],[-1]
737.91666666666674,[4796 4797],[4796 4797],[-1],[-1]
738.33333333333337,[4799 4800],[4799 4800],[-1],[-1]
738.75,[4801 4802 4803],[4801 4802 4803],[-1],[-1]
739.16666666666674,[4804 4805 4806],[4804 4805 4806],[-1],[-1]
739.58333333333337,[4807 4808],[4807 4808],[-1],[-1]
740.0,[4810 4811],[4810 4811],[-1],[-1]
740.41666666666674,[4812 4813 4814],[4812 4813 4814],[-1],[-1]
740.83333333333337,[4815 4816],[4815 4816],[-1],[-1]
741.25,[4818 4819],[4818 4819],[-1],[-1]
741.66666666666674,[4820 4821 4822],[4820 4821 4822],[-1],[-1]
742.08333333333337,[4823 4824 4825],[4823 4824 4825],[-1],[-1]
742.5,[4826 4827],[4826 4827],[-1],[-1]
742.91666666666674,[4828 4829 4830],[4828 4829 4830],[-1],[-1]
743.33333333333337,[4831 4832 4833],[4831 4832 4833],[-1],[-1]
743.75,[4834 4835],[4834 4835],[-1],[-1]
744.16666666666674,[4837 4838],[4837 4838],[-1],[-1]
744.58333333333337,[4839 4840 4841],[4839 4840 4841],[-1],[-1]
745.0,[4842 4843 4844],[4842 4843 4844],[-1],[-1]
745.41666666666674,[4845 4846],[4845 4846],[-1],[-1]
745.83333333333337,[4847 4848 4849],[4847 4848 4849],[-1],[-1]
746.25,[4850 4851 4852],[4850 4851 4852],[-1],[-1]
746.66666666666674,[4853 4854],[4853 4854],[-1],[-1]
747.08333333333337,[4856 4857],[4856 4857],[-1],[-1]
747.5,[4858 4859 4860],[4858 4859 4860],[-1],[-1]
747.91666666666674,[4861 4862],[4861 4862],[-1],[-1]
748.33333333333337,[4864 4865],[4864 4865],[-1],[-1]
748.75,[4866 4867 4868],[4866 4867 4868],[-1],[-1]
749.16666666666674,[4869 4870 4871],[4869 4870 4871],[-1],[-1]
749.58333333333337,[4872 4873],[4872 4873],[-1],[-1]
750.0,[4875 4876],[4875 4876],[-1],[-1]
750.41666666666674,[4877 4878 4879],[4877 4878 4879],[-1],[-1]
750.83333333333337,[4880 4881],[4880 4881],[-1],[-1]
751.25,[4883 4884],[4883 4884],[-1],[-1]
751.66666666666674,[4885 4886 4887],[4885 4886 4887],[-1],[-1]
752.08333333333337,[4888 4889 4890],[4888 4889 4890],[-1],[-1]
752.5,[4891 4892],[4891 4892],[-1],[-1]
752.91666666666674,[4893 4894 4895],[4893 4894 4895],[-1],[-1]
753.33333333333337,[4896 4897 4898],[4896 4897 4898],[-1],[-1]
753.75,[4899 4900],[4899 4900],[-1],[-1]
754.16666666666674,[4902 4903],[4902 4903],[-1],[-1]
754.58333333333337,[4904 4905 4906],[4904 4905 4906],[-1],[-1]
755.0,[4907 4908 4909],[4907 4908 4909],[-1],[-1]
755.41666666666674,[4910 4911],[4910 4911],[-1],[-1]
755.83333333333337,[4912 4913 4914],[4912 4913 4914],[-1],[-1]
756.25,[4915 4916 4917],[4915 4916 4917],[-1],[-1]
756.66666666666674,[4918 4919],[4918 4919],[-1],[-1]
757.08333333333337,[4921 4922],[4921 4922],[-1],[-1]
757.5,[4923 4924 4925],[4923 4924 4925],[-1],[-1]
757.91666666666674,[4926 4927],[4926 4927],[-1],[-1]
758.33333333333337,[4929 4930],[4929 4930],[-1],[-1]
758.75,[4931 4932 4933],[4931 4932 4933],[-1],[-1]
759.16666666666674,[4934 4935 4936],[4934 4935 4936],[-1],[-1]
759.58333333333337,[4937 4938],[4937 4938],[-1],[-1]
760.0,[4940 4941],[4940 4941],[-1],[-1]
760.41666666666674,[4942 4943 4944],[4942 4943 4944],[-1],[-1]
760.83333333333337,[4945 4946],[4945 4946],[-1],[-1]
761.25,[4948 4949],[4948 4949],[-1],[-1]
761.66666666666674,[4950 4951 4952],[4950 4951 4952],[-1],[-1]
762.08333333333337,[4953 4954 4955],[4953 4954 4955],[-1],[-1]
762.5,[4956 4957],[4956 4957],[-1],[-1]
762.91666666666674,[4958 4959 4960],[4958 4959 4960],[-1],[-1]
763.33333333333337,[4961 4962 4963],[4961 4962 4963],[-1],[-1]
763.75,[4964 4965],[4964 4965],[-1],[-1]
764.16666666666674,[4967 4968],[4967 4968],[-1],[-1]
764.58333333333337,[4969 4970 4971],[4969 4970 4971],[-1],[-1]
765.0,[4972 4973 4974],[4972 4973 4974],[-1],[-1]
765.41666666666674,[4975 4976],[4975 4976],[-1],[-1]
765.83333333333337,[4977 4978 4979],[4977 4978 4979],[-1],[-1]
766.25,[4980 4981 4982],[4980 4981 4982],[-1],[-1]
766.66666666666674,[4983 4984],[4983 4984],[-1],[-1]
767.08333333333337,[4986 4987],[4986 4987],[-1],[-1]
767.5,[4988 4989 4990],[4988 4989 4990],[-1],[-1]
767.91666666666674,[4991 4992],[4991 4992],[-1],[-1]
768.33333333333337,[4994 4995],[4994 4995],[-1],[-1]
768.75,[4996 4997 4998],[4996 4997 4998],[-1],[-1]
769.16666666666674,4999,[4999],[-1],[-1]
769.58333333333337,[-1],[-1],[-1],[-1]
